movie_id,viewing_count,average_user_rating,unique_users,genre,rating,votes,runtime,release_year,revenue
1,6,3.17,6,Horror,9.3,38120,139,2004,402.83
2,10,2.8,10,Drama,7.17,37040,97,2016,428.81
3,5,2.8,5,Drama,7.17,43722,100,2004,411.36
4,9,3.11,9,Comedy,8.29,52373,113,2018,46.55
5,13,3.69,13,Sci-Fi,8.73,91669,98,2020,195.66
6,16,3.44,16,Action,3.28,77113,136,2022,151.16
7,5,3.8,5,Action,4.45,345,129,2018,349.53
8,16,2.56,16,Action,5.53,24413,150,2001,159.45
9,18,2.94,18,Horror,3.73,83038,138,2020,416.96
10,24,3.08,24,Action,6.55,39386,149,2022,484.18
11,19,2.95,19,Horror,8.41,69583,106,2005,240.98
12,7,2.86,7,Action,2.18,68402,124,2011,75.65
13,13,2.54,13,Horror,7.56,25437,95,2010,272.54
14,9,2.89,9,Drama,3.71,46495,107,2011,106.14
15,13,2.77,13,Sci-Fi,4.48,67829,168,2007,63.95
16,6,3.5,6,Sci-Fi,7.11,24978,104,2015,81.67
17,11,3.36,11,Action,5.36,45660,179,2006,46.83
18,18,2.94,18,Comedy,6.15,34314,145,2017,61.8
19,10,2.6,10,Sci-Fi,4.55,59407,173,2021,333.36
20,13,2.92,13,Sci-Fi,6.74,97264,100,2000,37.23
21,18,3.39,18,Sci-Fi,8.07,97322,125,2019,317.35
22,16,2.62,16,Action,8.2,39645,101,2024,366.95
23,12,2.5,12,Sci-Fi,8.46,53603,178,2008,204.87
24,15,3.53,15,Horror,1.07,57208,111,2001,214.14
25,15,2.73,15,Comedy,7.18,77708,140,2022,168.47
26,13,3.46,13,Sci-Fi,5.59,11929,158,2015,188.58
27,12,3.5,12,Drama,9.2,87378,102,2021,380.13
28,10,2.5,10,Sci-Fi,7.88,47004,168,2010,260.13
29,10,2.8,10,Drama,6.74,87191,95,2002,108.67
30,14,2.86,14,Drama,6.47,80243,169,2025,249.9
31,7,3.29,7,Action,3.12,24346,94,2010,125.27
32,12,3.17,12,Sci-Fi,9.98,50248,107,2003,214.59
33,13,3.23,13,Horror,3.65,7643,96,2022,28.68
34,13,3.0,13,Sci-Fi,5.16,33613,164,2003,219.48
35,9,1.89,9,Drama,1.76,6444,92,2010,39.52
36,11,2.73,11,Drama,5.9,8806,171,2005,154.91
37,12,2.75,12,Drama,7.45,28122,156,2011,339.98
38,11,2.82,11,Sci-Fi,8.72,23059,114,2002,290.22
39,9,2.11,9,Horror,5.33,84537,114,2007,288.35
40,18,2.94,18,Drama,5.23,42781,98,2001,191.47
41,10,3.1,10,Comedy,8.52,5006,133,2007,202.04
42,13,3.31,13,Action,7.78,46334,153,2004,267.91
43,14,2.93,14,Sci-Fi,4.52,72847,129,2024,264.94
44,9,3.44,9,Comedy,1.97,85451,147,2017,447.9
45,6,3.33,6,Comedy,1.09,32360,109,2018,407.37
46,16,2.88,16,Comedy,1.98,42606,87,2022,487.7
47,13,2.77,13,Drama,3.33,32151,145,2014,486.4
48,13,3.15,13,Drama,2.63,41866,148,2004,341.47
49,9,3.67,9,Action,1.31,12413,124,2001,396.23
50,10,2.2,10,Action,2.28,16796,176,2019,95.48
51,12,3.0,12,Action,1.17,2657,130,2001,240.29
52,15,3.27,15,Comedy,8.18,99776,142,2003,200.62
53,7,2.71,7,Drama,9.28,7318,125,2009,334.73
54,15,3.2,15,Action,8.82,5740,121,2020,177.8
55,13,3.08,13,Sci-Fi,6.25,26407,132,2014,494.69
56,15,2.2,15,Drama,9.63,21224,121,2020,490.2
57,7,3.43,7,Drama,5.16,45956,106,2016,80.73
58,15,2.8,15,Comedy,6.58,67793,111,2011,246.65
59,9,3.22,9,Comedy,9.53,94425,176,2011,317.01
60,13,3.15,13,Horror,6.1,42993,164,2007,200.32
61,8,3.5,8,Comedy,7.52,53237,129,2001,320.98
62,9,2.22,9,Drama,6.76,36766,149,2018,224.8
63,11,3.45,11,Comedy,7.21,72622,155,2024,238.5
64,8,3.62,8,Sci-Fi,7.2,60830,169,2008,175.26
65,18,3.06,18,Sci-Fi,9.81,31563,131,2024,59.25
66,12,3.33,12,Sci-Fi,8.09,57884,120,2023,82.99
67,14,2.57,14,Action,6.11,20930,87,2003,36.02
68,12,2.83,12,Sci-Fi,2.83,24217,129,2015,361.06
69,17,2.82,17,Action,5.0,45872,176,2022,364.89
70,15,2.73,15,Horror,9.14,80988,92,2022,349.7
71,12,3.0,12,Comedy,7.12,11639,104,2007,10.96
72,10,2.7,10,Sci-Fi,8.3,45530,164,2011,150.02
73,13,3.23,13,Horror,7.12,9192,130,2017,204.05
74,9,3.56,9,Sci-Fi,6.11,53369,176,2017,493.08
75,14,2.93,14,Action,4.3,14187,110,2012,1.95
76,12,2.83,12,Action,9.45,51807,82,2007,172.05
77,16,2.81,16,Horror,5.77,20328,167,2019,430.89
78,14,3.21,14,Horror,1.71,31281,108,2002,31.24
79,10,2.5,10,Sci-Fi,3.1,10408,143,2010,329.6
80,19,2.47,19,Sci-Fi,9.45,95405,174,2008,328.71
81,12,3.0,12,Drama,7.94,47092,152,2021,2.38
82,12,2.75,12,Action,9.43,15088,169,2003,10.64
83,15,3.07,15,Comedy,7.95,93359,157,2000,488.05
84,20,3.1,20,Comedy,1.02,47002,130,2002,224.94
85,8,2.75,8,Horror,4.87,84322,111,2025,18.91
86,16,2.88,16,Sci-Fi,1.82,32443,164,2017,271.37
87,13,3.31,13,Comedy,1.85,38444,99,2006,499.04
88,9,3.0,9,Comedy,4.57,17883,85,2011,3.6
89,13,2.77,13,Sci-Fi,6.59,14771,156,2025,270.0
90,15,3.0,15,Drama,1.63,83162,180,2024,225.63
91,9,3.0,9,Horror,1.23,24965,99,2017,439.78
92,11,3.36,11,Horror,1.22,43667,102,2021,276.69
93,17,2.88,17,Horror,3.69,65180,161,2007,66.27
94,10,2.9,10,Comedy,2.87,92590,129,2000,266.45
95,9,2.89,9,Drama,5.36,54774,169,2016,216.24
96,11,3.0,11,Sci-Fi,9.73,56104,141,2025,89.87
97,16,2.62,16,Comedy,5.07,46180,151,2018,309.04
98,10,3.2,10,Drama,4.78,41372,151,2025,10.8
99,10,3.1,10,Horror,1.15,32933,81,2009,377.9
100,18,2.5,18,Comedy,3.7,72462,96,2014,190.34
101,13,2.69,13,Sci-Fi,8.05,68782,144,2023,409.09
102,18,3.67,18,Drama,4.71,2463,109,2002,453.07
103,9,2.56,9,Horror,2.59,49234,124,2017,46.86
104,20,2.9,20,Horror,8.85,24371,168,2015,176.7
105,13,3.0,13,Action,7.15,39738,169,2014,148.4
106,13,2.85,13,Comedy,5.92,77234,170,2021,25.15
107,14,3.21,14,Drama,5.62,67754,131,2023,39.5
108,8,2.38,8,Sci-Fi,2.13,3613,128,2010,459.86
109,12,2.83,12,Horror,5.03,60153,141,2008,359.33
110,11,3.18,11,Action,6.63,50822,117,2008,351.11
111,8,2.88,8,Action,4.99,35022,173,2022,406.01
112,11,2.91,11,Drama,1.37,57508,163,2002,56.22
113,9,2.22,9,Sci-Fi,9.12,30079,172,2017,243.31
114,11,2.73,11,Comedy,7.59,2584,108,2008,460.89
115,9,2.78,9,Horror,1.22,51311,98,2011,444.22
116,15,2.93,15,Drama,7.41,53235,131,2018,466.9
117,17,3.41,17,Horror,8.89,27966,167,2010,251.07
118,13,3.0,13,Sci-Fi,7.13,702,115,2006,151.95
119,10,3.2,10,Action,7.29,7988,86,2025,33.07
120,16,2.69,16,Action,9.97,85497,161,2001,170.48
121,19,3.0,19,Sci-Fi,4.76,80526,101,2007,312.82
122,13,2.77,13,Action,3.68,50778,100,2021,80.72
123,15,3.6,15,Comedy,8.66,43952,173,2024,360.2
124,14,3.93,14,Action,1.82,15322,134,2006,381.63
125,12,3.5,12,Action,1.71,53157,92,2017,385.57
126,12,3.17,12,Horror,5.92,7576,162,2018,454.75
127,16,2.75,16,Sci-Fi,9.19,82322,83,2006,146.92
128,18,3.33,18,Horror,4.4,17261,132,2022,3.18
129,14,3.07,14,Drama,2.6,78046,83,2004,53.1
130,8,2.88,8,Sci-Fi,3.56,3654,107,2010,298.2
131,14,3.36,14,Comedy,6.45,35570,152,2020,1.1
132,10,3.7,10,Sci-Fi,7.49,11279,172,2016,93.8
133,11,2.82,11,Sci-Fi,2.13,64648,143,2007,113.28
134,7,2.43,7,Horror,5.17,53110,101,2017,169.99
135,16,2.19,16,Sci-Fi,3.84,41755,167,2015,281.33
136,11,2.18,11,Comedy,2.04,70022,122,2003,362.66
137,10,3.4,10,Sci-Fi,5.53,11479,98,2023,171.75
138,15,2.53,15,Comedy,1.47,52462,87,2011,86.01
139,16,2.44,16,Drama,6.05,61044,153,2006,35.91
140,18,2.94,18,Comedy,6.54,94725,140,2004,434.53
141,15,3.13,15,Sci-Fi,9.75,41889,133,2021,268.26
142,12,2.5,12,Drama,6.23,22225,156,2015,436.48
143,9,3.0,9,Comedy,7.11,39586,104,2006,43.09
144,14,3.0,14,Drama,7.49,79603,180,2014,342.14
145,18,3.0,18,Comedy,6.91,17277,126,2023,284.66
146,13,3.31,13,Action,7.04,9655,130,2010,164.47
147,14,2.43,14,Sci-Fi,9.29,85340,84,2005,382.6
148,10,3.6,10,Action,4.67,6885,134,2017,182.88
149,12,2.58,12,Action,6.89,75252,168,2010,116.03
150,12,2.92,12,Horror,2.89,97249,160,2023,267.24
151,11,3.18,11,Action,7.49,95991,115,2015,328.62
152,20,2.55,20,Sci-Fi,7.14,65469,132,2017,389.32
153,19,2.95,19,Drama,7.09,69329,94,2018,30.38
154,9,3.44,9,Comedy,7.99,37241,123,2011,445.95
155,5,2.6,5,Horror,9.97,57633,117,2001,50.06
156,6,3.17,6,Sci-Fi,7.27,99285,169,2024,157.26
157,13,2.92,13,Action,4.28,73522,169,2002,130.2
158,8,3.62,8,Sci-Fi,4.6,27965,137,2023,128.87
159,12,2.67,12,Horror,3.47,74464,86,2016,385.15
160,9,2.11,9,Sci-Fi,1.93,16112,117,2018,490.69
161,12,3.08,12,Comedy,7.34,29137,114,2003,439.67
162,13,2.62,13,Action,1.13,14646,144,2014,495.22
163,11,3.55,11,Action,8.61,70480,132,2014,214.96
164,12,3.67,12,Comedy,9.4,37928,123,2016,59.41
165,9,3.89,9,Sci-Fi,4.2,63164,125,2010,272.91
166,14,3.07,14,Comedy,5.97,47639,129,2019,43.06
167,15,3.0,15,Horror,5.6,91996,81,2007,254.28
168,17,3.0,17,Sci-Fi,2.77,56758,125,2023,319.33
169,12,2.92,12,Sci-Fi,1.83,79101,138,2022,39.49
170,10,2.9,10,Comedy,3.92,27389,116,2009,342.25
171,10,2.6,10,Drama,4.32,63978,97,2013,392.16
172,9,2.89,9,Drama,9.29,81579,96,2010,485.59
173,13,3.38,13,Drama,3.97,22935,173,2002,190.96
174,14,2.86,14,Action,1.53,15321,163,2019,127.21
175,13,3.08,13,Action,6.53,1030,161,2022,275.16
176,15,3.27,15,Sci-Fi,4.97,45703,143,2009,227.58
177,13,2.31,13,Sci-Fi,5.68,16588,104,2022,130.55
178,12,3.5,12,Sci-Fi,8.36,97926,123,2023,149.05
179,15,3.2,15,Drama,7.19,16508,147,2022,497.16
180,17,3.0,17,Comedy,9.33,56889,129,2010,489.42
181,10,3.2,10,Horror,4.85,75865,106,2025,307.79
182,10,3.2,10,Sci-Fi,3.03,48470,168,2021,336.46
183,15,3.6,15,Horror,7.24,50933,147,2008,418.13
184,8,2.38,8,Action,2.27,92500,97,2006,319.83
185,12,3.25,12,Sci-Fi,8.9,93561,127,2007,360.83
186,13,2.62,13,Drama,8.91,18337,139,2019,496.6
187,9,3.33,9,Horror,6.59,81557,145,2010,245.23
188,11,2.73,11,Horror,8.86,89346,173,2007,146.75
189,11,1.91,11,Drama,4.18,92172,174,2023,147.27
190,9,2.44,9,Drama,2.16,91198,162,2002,465.33
191,17,2.88,17,Action,3.0,40347,115,2016,119.95
192,7,3.0,7,Drama,9.54,43936,113,2018,174.45
193,12,3.25,12,Comedy,3.47,74745,154,2010,481.34
194,14,3.07,14,Sci-Fi,6.44,80337,135,2022,31.56
195,12,3.42,12,Comedy,2.15,47397,151,2000,497.23
196,10,3.3,10,Horror,4.63,96496,148,2017,223.78
197,13,3.38,13,Horror,1.48,42532,147,2014,208.3
198,13,3.0,13,Drama,8.04,3804,82,2007,136.22
199,14,3.14,14,Drama,8.15,76531,126,2025,102.73
200,9,3.89,9,Horror,7.18,85367,151,2011,140.74
201,9,2.67,9,Horror,1.05,27044,93,2019,142.02
202,5,4.0,5,Horror,9.19,32455,92,2008,380.63
203,12,2.83,12,Horror,2.4,15913,137,2017,242.26
204,12,2.92,12,Comedy,2.42,48069,163,2014,37.52
205,17,3.18,17,Comedy,7.79,40204,94,2015,217.08
206,14,3.14,14,Drama,9.04,1722,90,2002,103.44
207,13,3.54,13,Sci-Fi,6.25,75559,155,2025,296.19
208,19,2.42,19,Comedy,1.41,69456,102,2004,169.42
209,14,3.36,14,Action,8.99,22118,125,2011,458.14
210,15,3.53,15,Action,8.82,25352,176,2017,156.88
211,8,3.75,8,Comedy,4.19,22729,104,2017,182.61
212,16,2.81,16,Sci-Fi,6.16,17100,99,2023,125.6
213,5,3.6,5,Horror,5.58,96291,142,2020,18.83
214,12,3.0,12,Drama,9.04,33562,177,2022,403.42
215,12,2.25,12,Sci-Fi,9.71,99414,145,2015,58.34
216,13,3.77,13,Horror,5.28,95625,83,2021,457.19
217,8,3.12,8,Drama,9.11,7720,88,2019,131.91
218,13,2.92,13,Action,6.3,74997,93,2017,279.57
219,13,3.23,13,Drama,9.32,31526,153,2006,259.28
220,13,2.15,13,Sci-Fi,2.12,44864,91,2007,241.81
221,9,3.22,9,Sci-Fi,7.14,46864,151,2005,43.01
222,16,3.06,16,Drama,3.38,43210,90,2022,292.04
223,15,2.73,15,Drama,7.86,50714,127,2002,317.51
224,17,3.47,17,Horror,1.33,79497,92,2017,111.15
225,9,2.78,9,Drama,6.0,71353,93,2012,91.93
226,12,3.67,12,Sci-Fi,5.82,83893,124,2011,116.97
227,3,2.33,3,Action,2.66,46987,154,2024,35.76
228,8,2.25,8,Sci-Fi,9.1,17715,128,2010,179.37
229,9,2.78,9,Comedy,4.62,75740,125,2010,477.49
230,9,3.22,9,Sci-Fi,5.1,67596,149,2006,22.26
231,12,3.33,12,Horror,5.75,23679,137,2013,161.83
232,11,2.45,11,Action,9.52,48298,142,2017,51.42
233,15,3.0,15,Drama,1.95,16853,178,2009,4.45
234,7,3.71,7,Action,7.29,13604,111,2019,477.81
235,18,2.61,18,Sci-Fi,1.39,88847,155,2025,424.97
236,10,2.8,10,Drama,9.29,51422,180,2004,188.84
237,17,3.41,17,Horror,1.61,70856,145,2020,72.67
238,11,1.91,11,Action,5.08,66399,124,2021,412.19
239,11,2.91,11,Comedy,4.9,75708,120,2014,104.1
240,12,2.42,12,Comedy,3.92,42640,110,2005,226.37
241,14,3.07,14,Drama,4.15,78152,91,2013,396.88
242,12,3.83,12,Horror,4.2,72010,116,2024,86.3
243,13,2.77,13,Action,5.51,74241,136,2022,293.83
244,7,2.0,7,Drama,5.81,14582,172,2011,54.31
245,10,3.5,10,Horror,4.33,53510,109,2022,51.98
246,11,2.82,11,Drama,4.91,52287,164,2016,277.1
247,8,2.75,8,Sci-Fi,7.34,52134,176,2013,110.2
248,11,2.82,11,Horror,1.64,94763,124,2011,196.76
249,9,2.44,9,Sci-Fi,7.82,22361,122,2018,60.67
250,9,2.56,9,Sci-Fi,7.26,60394,152,2023,481.44
251,8,3.75,8,Sci-Fi,9.93,99330,126,2019,62.34
252,14,3.5,14,Sci-Fi,4.89,58911,100,2002,379.28
253,14,3.71,14,Sci-Fi,8.14,63104,180,2013,166.74
254,12,2.75,12,Action,2.23,36150,92,2016,429.82
255,15,3.07,15,Sci-Fi,6.72,27090,177,2007,489.64
256,14,3.57,14,Drama,8.43,80077,98,2016,40.38
257,13,3.23,13,Action,3.52,85013,166,2001,425.69
258,16,2.94,16,Sci-Fi,5.85,73871,121,2013,278.84
259,11,3.55,11,Sci-Fi,8.8,4034,109,2015,213.32
260,10,2.2,10,Action,6.28,1534,100,2011,394.85
261,17,3.24,17,Sci-Fi,9.84,72649,121,2015,58.47
262,17,3.24,17,Sci-Fi,6.38,26962,128,2015,451.95
263,13,2.77,13,Comedy,2.64,51394,95,2022,496.67
264,12,3.25,12,Horror,1.4,9261,82,2008,237.56
265,12,3.08,12,Comedy,4.83,72412,90,2010,190.47
266,15,2.87,15,Drama,8.8,46608,100,2012,448.46
267,14,3.14,14,Horror,5.6,87574,91,2003,7.08
268,17,3.06,17,Action,3.04,67142,160,2022,331.85
269,4,2.75,4,Sci-Fi,7.83,55771,134,2025,107.07
270,9,3.67,9,Sci-Fi,3.19,15188,110,2010,160.85
271,8,3.88,8,Drama,2.2,737,156,2000,211.18
272,15,2.47,15,Action,7.3,28579,161,2011,160.24
273,13,2.92,13,Horror,8.36,34826,85,2010,52.82
274,12,2.67,12,Horror,9.04,19585,149,2025,333.14
275,14,2.64,14,Sci-Fi,1.68,73565,105,2025,331.14
276,10,3.5,10,Drama,5.12,39814,165,2005,126.93
277,12,2.75,12,Horror,6.87,52956,157,2015,133.62
278,16,2.38,16,Drama,1.45,5502,176,2011,47.77
279,6,1.83,6,Horror,4.49,40624,126,2011,417.75
280,14,2.71,14,Action,6.02,80817,140,2002,149.99
281,11,3.09,11,Horror,3.85,79739,173,2009,282.21
282,8,2.38,8,Action,8.52,39380,114,2022,256.92
283,12,2.83,12,Drama,9.33,17847,115,2000,353.58
284,12,3.08,12,Sci-Fi,5.23,9082,169,2005,227.2
285,14,3.29,14,Horror,2.9,82646,97,2016,378.44
286,9,3.11,9,Comedy,7.61,2601,140,2009,353.76
287,10,2.9,10,Comedy,7.95,31726,172,2003,115.74
288,17,3.41,17,Drama,8.53,25412,113,2011,277.35
289,13,2.62,13,Horror,5.84,78291,83,2011,138.4
290,18,3.28,18,Sci-Fi,8.59,34328,147,2008,167.82
291,18,3.17,18,Action,2.21,84317,153,2021,257.34
292,10,3.3,10,Action,5.09,41042,112,2006,285.98
293,14,4.07,14,Action,6.41,71195,128,2006,57.86
294,13,2.08,13,Comedy,6.74,55206,132,2021,289.43
295,11,3.09,11,Horror,3.6,93763,119,2009,482.82
296,12,2.67,12,Sci-Fi,1.05,26043,161,2007,22.17
297,17,2.94,17,Comedy,2.26,33798,97,2005,363.6
298,10,3.2,10,Comedy,2.21,54622,102,2011,223.54
299,12,3.17,12,Drama,5.76,41379,167,2022,414.82
300,14,2.5,14,Comedy,1.26,75314,180,2023,76.17
301,11,2.91,11,Comedy,7.52,65055,81,2011,85.75
302,13,2.85,13,Comedy,4.63,3287,88,2000,273.59
303,12,2.67,12,Horror,6.13,58215,136,2007,13.35
304,12,2.25,12,Action,3.24,61852,110,2005,209.29
305,6,2.17,6,Horror,8.05,1053,113,2003,249.87
306,6,3.5,6,Sci-Fi,1.5,39886,175,2012,432.91
307,9,3.22,9,Comedy,1.82,99963,157,2015,353.94
308,9,2.44,9,Drama,7.0,37840,81,2022,240.42
309,14,2.86,14,Action,2.95,36379,165,2005,76.02
310,9,3.22,9,Horror,2.12,76553,152,2012,194.74
311,16,3.25,16,Horror,9.52,77551,161,2007,261.19
312,15,3.4,15,Comedy,3.24,71580,172,2017,281.1
313,10,3.6,10,Horror,8.0,63651,146,2005,353.06
314,10,3.4,10,Horror,4.81,43190,122,2011,343.3
315,13,3.08,13,Action,4.91,97339,97,2010,175.08
316,15,3.2,15,Comedy,9.05,69043,94,2016,188.94
317,9,2.44,9,Horror,9.12,24769,174,2025,439.04
318,15,2.6,15,Drama,3.31,2827,141,2019,93.93
319,14,2.79,14,Action,7.68,81025,155,2011,175.11
320,12,2.42,12,Horror,1.36,92576,180,2000,31.09
321,13,2.62,13,Action,5.4,42059,88,2016,111.99
322,14,3.14,14,Drama,4.24,89509,135,2000,129.63
323,12,2.58,12,Horror,9.45,54473,152,2018,275.24
324,9,2.89,9,Comedy,3.12,55938,179,2012,11.21
325,9,2.67,9,Action,4.89,58469,173,2021,249.08
326,13,3.69,13,Horror,5.22,11450,157,2022,299.02
327,15,2.8,15,Comedy,6.42,33031,132,2018,446.21
328,10,3.2,10,Action,6.61,74595,122,2017,40.3
329,14,2.86,14,Sci-Fi,8.46,58840,107,2005,124.2
330,13,3.31,13,Horror,2.98,91809,90,2008,346.91
331,12,2.58,12,Drama,9.64,18190,87,2021,460.09
332,14,3.21,14,Sci-Fi,8.35,62992,118,2022,166.2
333,11,2.82,11,Horror,8.0,64762,149,2025,424.47
334,12,3.42,12,Horror,2.2,45870,148,2013,258.81
335,10,3.4,10,Sci-Fi,7.46,7050,135,2017,495.67
336,13,3.0,13,Drama,2.63,11570,170,2007,370.94
337,14,2.79,14,Action,9.41,90421,110,2007,401.05
338,6,3.0,6,Horror,7.67,17114,155,2023,62.32
339,16,1.81,16,Drama,5.42,60419,86,2003,269.7
340,9,3.67,9,Sci-Fi,1.18,34035,83,2005,465.36
341,9,3.0,9,Horror,7.45,2756,90,2006,142.52
342,10,3.6,10,Horror,8.77,52041,114,2007,214.07
343,13,3.31,13,Sci-Fi,4.44,41112,91,2018,426.29
344,12,2.58,12,Drama,2.48,3580,140,2011,432.33
345,15,3.47,15,Horror,6.44,3590,110,2023,270.65
346,10,3.8,10,Horror,8.22,10256,180,2020,125.61
347,16,2.56,16,Comedy,7.91,54110,99,2020,285.67
348,10,3.1,10,Horror,5.56,12577,177,2003,432.53
349,11,2.45,11,Comedy,4.62,29693,137,2024,173.46
350,10,3.3,10,Horror,2.31,67981,92,2005,487.59
351,10,2.7,10,Sci-Fi,4.05,80526,154,2003,30.57
352,15,3.33,15,Action,6.59,45210,105,2023,457.02
353,14,3.07,14,Comedy,2.27,2545,157,2017,364.42
354,9,2.56,9,Action,8.25,12875,137,2015,411.22
355,14,3.21,14,Action,3.01,72037,129,2003,485.98
356,14,3.0,14,Action,9.82,50679,80,2011,100.22
357,18,3.11,18,Sci-Fi,7.63,25197,147,2018,201.93
358,11,3.09,11,Comedy,9.02,33633,176,2021,407.29
359,12,2.92,12,Action,4.16,14328,100,2005,441.24
360,11,3.09,11,Sci-Fi,6.55,27713,148,2015,337.0
361,8,2.25,8,Action,9.45,95774,173,2020,389.36
362,11,3.18,11,Drama,2.82,84338,154,2025,93.22
363,9,2.78,9,Comedy,8.73,71916,106,2013,268.23
364,17,2.53,17,Comedy,9.46,30376,128,2024,197.85
365,9,2.78,9,Horror,1.12,34105,164,2004,293.73
366,14,3.0,14,Drama,9.36,94828,107,2023,64.21
367,8,2.62,8,Comedy,1.09,93186,117,2010,467.65
368,14,3.14,14,Comedy,6.85,22824,105,2008,135.72
369,15,2.8,15,Comedy,6.93,80487,90,2020,321.4
370,17,2.71,17,Horror,3.58,85022,116,2010,212.22
371,12,2.83,12,Horror,8.61,13592,132,2023,392.58
372,13,2.69,13,Drama,4.2,16702,123,2016,43.49
373,13,2.54,13,Drama,4.55,57620,120,2024,89.8
374,11,3.0,11,Drama,4.44,66790,121,2013,300.43
375,8,3.12,8,Horror,7.54,24185,143,2000,333.68
376,10,3.6,10,Sci-Fi,8.32,75866,168,2018,252.65
377,10,3.3,10,Comedy,1.29,62999,152,2002,337.19
378,11,2.55,11,Action,3.55,50694,114,2024,170.09
379,15,3.13,15,Sci-Fi,6.45,67713,140,2021,165.63
380,7,2.71,7,Drama,4.18,6242,87,2002,478.91
381,13,3.31,13,Sci-Fi,3.09,31850,101,2025,335.82
382,11,2.91,11,Action,9.99,20329,104,2011,407.94
383,19,3.11,19,Sci-Fi,9.48,68650,129,2006,25.11
384,19,3.16,19,Drama,7.82,62499,88,2004,346.22
385,7,3.71,7,Horror,8.21,27649,151,2007,372.86
386,10,2.9,10,Action,3.86,51049,144,2000,169.46
387,13,2.92,13,Horror,3.51,36100,121,2003,129.37
388,12,2.42,12,Comedy,4.79,19387,122,2015,336.63
389,8,3.0,8,Comedy,7.07,56588,81,2013,86.44
390,11,2.55,11,Action,5.94,94483,152,2008,56.84
391,15,2.73,15,Sci-Fi,9.52,41139,91,2005,171.84
392,12,3.0,12,Horror,7.44,97394,98,2020,459.42
393,14,3.07,14,Action,4.04,70525,109,2010,271.33
394,18,3.0,18,Sci-Fi,9.04,59299,92,2003,52.98
395,18,2.5,18,Comedy,4.4,69344,154,2008,483.4
396,10,3.0,10,Horror,9.28,15917,161,2002,384.51
397,17,2.71,17,Drama,4.47,91807,160,2011,274.94
398,8,2.38,8,Sci-Fi,5.76,82016,161,2019,203.82
399,14,3.57,14,Comedy,7.09,79414,114,2006,139.94
400,9,2.56,9,Action,6.97,56806,139,2004,215.21
401,9,3.11,9,Comedy,4.49,68456,108,2002,285.17
402,15,3.07,15,Horror,8.29,17854,107,2013,396.59
403,15,2.6,15,Horror,6.75,12058,90,2003,169.4
404,11,3.18,11,Action,9.26,77657,118,2016,49.44
405,23,2.78,23,Action,4.35,15467,133,2016,485.47
406,15,3.33,15,Comedy,9.03,75669,174,2014,16.07
407,11,2.36,11,Action,4.59,50034,129,2011,477.62
408,14,3.57,14,Comedy,4.81,6323,99,2009,431.84
409,14,3.29,14,Action,4.35,78279,121,2016,335.49
410,8,3.5,8,Horror,6.67,83137,163,2022,229.48
411,8,3.0,8,Action,1.49,91241,169,2020,103.71
412,12,3.33,12,Action,1.17,23871,111,2013,104.38
413,11,2.45,11,Sci-Fi,5.03,16752,100,2002,344.97
414,18,3.22,18,Action,6.45,23422,147,2016,154.87
415,12,2.42,12,Action,5.61,14515,100,2015,474.37
416,15,3.13,15,Sci-Fi,6.47,71155,125,2009,394.95
417,14,2.79,14,Drama,1.35,19314,157,2020,246.83
418,11,2.18,11,Comedy,4.0,62708,100,2023,83.85
419,11,2.73,11,Action,2.12,90022,157,2006,414.32
420,13,2.54,13,Action,7.1,94846,146,2013,193.37
421,7,2.86,7,Drama,4.03,95116,176,2009,97.12
422,10,2.4,10,Horror,3.44,96700,175,2022,210.05
423,18,3.39,18,Action,9.88,16470,140,2022,493.53
424,11,3.27,11,Sci-Fi,1.26,79178,153,2012,207.06
425,12,3.33,12,Sci-Fi,7.41,47675,102,2008,261.39
426,17,2.71,17,Drama,4.63,79765,160,2014,372.86
427,12,2.5,12,Action,9.64,98870,149,2022,401.75
428,17,3.47,17,Horror,3.3,40128,143,2001,374.59
429,11,2.82,11,Comedy,6.98,74479,162,2019,228.16
430,6,2.83,6,Horror,4.64,14320,83,2024,55.25
431,13,3.31,13,Comedy,6.41,33795,92,2025,498.73
432,13,2.92,13,Action,3.85,60378,108,2022,25.57
433,18,2.5,18,Action,8.56,80908,113,2018,180.5
434,15,2.87,15,Action,3.26,71234,109,2002,159.79
435,2,3.0,2,Action,2.93,98328,91,2010,215.98
436,12,3.25,12,Sci-Fi,1.83,18854,152,2004,3.66
437,17,3.53,17,Drama,3.5,20668,142,2018,63.1
438,10,2.1,10,Sci-Fi,7.28,85076,126,2017,495.86
439,12,3.67,12,Action,9.4,53514,138,2000,21.09
440,13,3.15,13,Drama,3.31,99510,156,2021,188.09
441,8,2.88,8,Horror,6.3,4562,91,2021,43.24
442,14,2.93,14,Action,2.91,51832,159,2009,88.95
443,17,2.47,17,Horror,6.11,7333,137,2020,5.37
444,15,2.93,15,Horror,9.65,42051,156,2000,454.95
445,19,2.89,19,Drama,3.5,18250,156,2017,426.34
446,9,2.56,9,Action,8.37,52329,80,2009,229.71
447,10,2.5,10,Horror,5.49,12800,98,2001,377.49
448,13,2.46,13,Action,7.03,94112,80,2014,388.77
449,14,3.57,14,Drama,2.48,26097,101,2004,94.81
450,11,3.55,11,Sci-Fi,3.04,65376,124,2015,131.58
451,9,3.78,9,Horror,7.66,98972,136,2024,305.54
452,10,3.6,10,Horror,8.16,53308,92,2023,466.08
453,10,3.1,10,Horror,7.34,21568,92,2023,275.09
454,7,2.86,7,Drama,3.88,78796,159,2015,331.16
455,10,2.9,10,Sci-Fi,2.58,10855,144,2024,105.21
456,15,3.0,15,Sci-Fi,8.85,55399,106,2021,21.87
457,14,2.64,14,Sci-Fi,2.73,33503,128,2003,445.26
458,15,3.13,15,Comedy,7.58,46710,180,2022,150.25
459,13,3.08,13,Drama,5.85,9469,118,2025,106.34
460,14,3.43,14,Horror,9.87,45081,107,2007,236.64
461,15,2.93,15,Sci-Fi,4.41,43657,85,2020,307.94
462,11,3.27,11,Horror,8.24,40019,127,2024,498.72
463,13,2.85,13,Sci-Fi,3.95,5033,116,2006,28.84
464,12,2.75,12,Comedy,9.1,88347,127,2022,63.03
465,12,2.92,12,Comedy,2.3,63513,164,2002,228.5
466,13,3.38,13,Drama,4.29,60997,83,2022,75.84
467,13,3.38,13,Action,6.08,72518,121,2013,299.12
468,13,3.15,13,Action,3.9,81680,175,2005,444.08
469,16,3.25,16,Sci-Fi,7.3,3767,162,2008,493.71
470,11,2.82,11,Drama,2.31,73160,158,2019,90.81
471,12,2.42,12,Drama,3.08,15033,116,2020,408.79
472,10,2.4,10,Drama,6.81,85748,121,2010,281.66
473,11,2.45,11,Action,8.1,79285,84,2025,201.26
474,13,2.69,13,Comedy,8.31,42394,170,2013,21.04
475,16,2.62,16,Comedy,5.63,51145,111,2014,396.06
476,19,2.63,19,Action,6.52,83898,128,2005,60.06
477,14,2.93,14,Sci-Fi,8.19,90522,146,2012,360.03
478,18,2.94,18,Horror,1.46,43444,125,2022,188.85
479,15,2.67,15,Sci-Fi,6.31,7402,116,2010,390.01
480,13,3.08,13,Action,4.97,93365,81,2020,42.63
481,12,2.67,12,Comedy,9.88,21662,154,2017,313.72
482,8,2.62,8,Action,4.95,56609,101,2004,351.95
483,13,3.54,13,Comedy,5.81,35669,179,2010,151.64
484,13,3.0,13,Comedy,8.01,67670,90,2005,250.89
485,5,2.8,5,Horror,5.04,79884,180,2008,145.71
486,8,2.75,8,Comedy,6.86,63928,142,2006,458.69
487,10,3.2,10,Comedy,1.87,41313,92,2018,348.07
488,10,2.9,10,Action,1.86,17322,145,2016,24.93
489,22,3.14,22,Horror,5.67,32216,91,2024,363.01
490,9,2.44,9,Sci-Fi,1.01,45701,97,2012,383.05
491,10,3.3,10,Comedy,4.75,53076,127,2016,225.98
492,15,3.8,15,Drama,3.25,79869,125,2022,317.11
493,12,3.33,12,Horror,9.82,51114,108,2001,404.2
494,18,2.83,18,Comedy,9.21,13044,100,2019,138.49
495,13,3.08,13,Horror,2.62,80222,89,2010,496.79
496,19,3.74,19,Sci-Fi,2.65,88289,140,2024,251.58
497,11,3.09,11,Comedy,7.42,80861,108,2025,337.59
498,12,2.92,12,Comedy,7.4,9851,114,2023,210.2
499,16,2.75,16,Sci-Fi,5.33,67480,82,2025,148.11
500,22,3.05,22,Horror,2.13,21048,85,2017,141.1
501,12,3.25,12,Drama,3.26,81654,173,2012,380.11
502,15,2.53,15,Sci-Fi,2.7,15465,85,2015,169.61
503,19,3.37,19,Comedy,4.63,64654,169,2025,133.78
504,19,2.53,19,Horror,6.91,44632,157,2006,456.17
505,9,2.78,9,Sci-Fi,9.57,96019,85,2021,80.18
506,16,2.81,16,Sci-Fi,2.25,83209,151,2025,488.7
507,13,3.46,13,Comedy,4.9,71488,134,2019,327.28
508,12,2.83,12,Comedy,1.8,79779,86,2016,467.66
509,9,1.89,9,Drama,5.39,24339,172,2002,45.67
510,20,2.55,20,Sci-Fi,1.89,58327,105,2016,431.32
511,12,3.17,12,Comedy,6.8,94547,154,2002,124.05
512,12,2.42,12,Sci-Fi,6.33,28089,116,2024,226.69
513,10,2.6,10,Drama,6.89,23323,93,2020,194.15
514,13,3.23,13,Comedy,6.33,83322,87,2015,418.55
515,13,2.54,13,Sci-Fi,5.53,69867,163,2009,263.64
516,11,3.73,11,Drama,4.16,61903,80,2024,208.74
517,8,2.38,8,Horror,5.03,87910,100,2008,492.47
518,14,3.0,14,Comedy,6.55,94718,146,2005,100.25
519,17,2.82,17,Drama,5.42,89215,167,2024,163.15
520,14,2.57,14,Sci-Fi,5.22,86231,119,2014,241.3
521,9,3.44,9,Action,4.51,9636,175,2025,156.29
522,12,2.83,12,Sci-Fi,5.55,65587,150,2013,358.68
523,11,2.64,11,Drama,8.79,27269,149,2015,290.08
524,10,3.4,10,Horror,7.9,89508,92,2019,200.53
525,4,2.5,4,Sci-Fi,3.84,77697,116,2024,91.88
526,21,2.76,21,Drama,2.06,84459,150,2017,404.44
527,22,3.18,22,Action,7.29,18521,96,2020,364.44
528,7,3.14,7,Sci-Fi,1.85,88905,136,2000,192.73
529,9,3.22,9,Comedy,9.93,82298,114,2009,392.92
530,12,2.33,12,Comedy,3.11,25116,80,2009,303.43
531,12,3.25,12,Action,8.23,97763,95,2011,186.38
532,4,3.0,4,Horror,3.84,2716,105,2007,184.31
533,11,3.18,11,Drama,5.1,56115,129,2005,300.64
534,8,4.0,8,Action,3.2,2647,153,2004,299.2
535,17,2.82,17,Horror,2.09,55485,100,2019,251.88
536,17,2.53,17,Comedy,8.07,27904,99,2001,186.17
537,13,2.46,13,Horror,4.12,14302,124,2013,145.9
538,14,3.14,14,Comedy,7.13,93065,90,2008,224.11
539,18,3.0,18,Action,7.26,88883,113,2004,396.47
540,14,2.57,14,Horror,6.75,25480,177,2019,54.83
541,14,2.79,14,Horror,9.99,56800,144,2003,108.36
542,10,3.0,10,Action,2.63,5126,153,2025,480.19
543,11,2.09,11,Horror,6.46,80304,138,2007,406.28
544,12,3.33,12,Sci-Fi,7.06,32908,93,2023,177.9
545,11,3.09,11,Comedy,4.8,56413,118,2003,344.91
546,6,3.5,6,Drama,7.12,18804,141,2000,408.48
547,10,2.7,10,Comedy,2.63,10960,81,2015,375.31
548,20,3.3,20,Sci-Fi,2.19,62864,165,2002,26.28
549,14,3.29,14,Sci-Fi,2.12,82774,111,2023,237.26
550,13,2.46,13,Sci-Fi,5.46,74259,180,2008,430.48
551,14,2.64,14,Action,4.12,83463,87,2021,189.27
552,15,3.27,15,Sci-Fi,1.5,54714,148,2003,244.16
553,12,2.92,12,Drama,9.41,31709,177,2007,336.23
554,16,2.25,16,Drama,7.22,38216,98,2009,332.42
555,19,2.68,19,Action,4.43,68052,161,2003,340.83
556,15,3.4,15,Action,6.37,81832,156,2006,415.63
557,17,3.35,17,Action,1.39,92219,102,2018,172.45
558,10,3.5,10,Horror,5.24,69298,151,2011,453.42
559,22,2.86,22,Sci-Fi,9.86,33010,155,2019,286.41
560,14,2.86,14,Sci-Fi,5.94,86872,124,2024,353.8
561,16,3.25,16,Comedy,7.57,38432,111,2000,150.74
562,7,2.71,7,Sci-Fi,4.4,3841,124,2024,215.72
563,15,2.87,15,Action,3.89,5363,167,2022,196.39
564,10,3.5,10,Comedy,3.97,66343,170,2025,94.42
565,5,3.6,5,Comedy,4.52,30452,97,2020,432.35
566,12,2.83,12,Action,5.16,81625,171,2003,62.31
567,14,3.07,14,Horror,7.31,37229,97,2004,117.48
568,16,3.06,16,Drama,6.9,55743,129,2007,34.98
569,5,2.6,5,Comedy,1.02,7351,177,2023,179.4
570,9,2.67,9,Sci-Fi,3.1,30813,173,2025,225.21
571,14,3.07,14,Comedy,1.82,80013,123,2022,466.97
572,20,2.9,20,Action,8.97,44092,139,2008,405.55
573,11,3.45,11,Sci-Fi,9.98,79485,123,2001,16.29
574,12,2.83,12,Action,7.56,53491,94,2016,198.77
575,9,2.22,9,Action,7.27,2755,176,2018,146.71
576,11,3.45,11,Sci-Fi,4.43,41377,84,2025,379.31
577,10,3.2,10,Action,2.03,30872,139,2012,477.68
578,7,2.86,7,Drama,5.7,90327,104,2002,3.8
579,7,2.29,7,Horror,3.97,77544,116,2008,323.93
580,12,3.0,12,Drama,9.87,38094,105,2017,41.11
581,14,2.93,14,Action,2.02,7551,102,2019,390.53
582,14,3.36,14,Action,8.97,7337,86,2011,208.29
583,9,3.56,9,Action,5.91,44478,131,2002,439.74
584,18,2.72,18,Drama,8.06,44726,177,2010,313.79
585,16,3.25,16,Horror,6.48,70430,108,2002,35.6
586,15,2.93,15,Action,5.63,97076,128,2015,336.4
587,24,3.04,24,Horror,6.56,6927,178,2000,30.56
588,21,2.76,21,Action,4.42,20434,105,2009,195.85
589,13,3.23,13,Drama,6.43,83439,153,2006,111.26
590,14,2.71,14,Drama,3.93,19174,156,2015,237.85
591,12,3.25,12,Drama,4.55,26181,160,2013,86.25
592,7,3.29,7,Sci-Fi,8.5,98644,112,2002,38.56
593,11,3.27,11,Horror,3.32,20373,172,2006,45.43
594,11,3.27,11,Sci-Fi,1.21,99950,99,2009,294.07
595,11,2.82,11,Comedy,4.27,72887,82,2022,314.18
596,11,3.45,11,Sci-Fi,3.4,93412,163,2004,110.22
597,10,4.1,10,Action,1.91,49583,132,2020,106.66
598,14,3.64,14,Horror,4.76,77150,81,2020,7.64
599,10,3.1,10,Drama,3.13,52908,141,2012,429.78
600,13,3.69,13,Action,5.31,44171,146,2000,196.79
601,18,3.11,18,Comedy,8.58,69829,94,2021,159.64
602,8,2.62,8,Action,5.31,78206,82,2011,267.67
603,9,2.89,9,Sci-Fi,3.35,17397,167,2010,147.24
604,14,3.21,14,Sci-Fi,1.66,21344,106,2018,63.35
605,21,3.33,21,Action,4.62,61977,175,2008,436.58
606,19,3.37,19,Sci-Fi,2.47,68275,141,2010,180.26
607,12,3.25,12,Horror,1.94,32713,169,2023,49.62
608,17,3.24,17,Horror,8.12,73745,117,2006,24.98
609,11,2.36,11,Action,2.82,67656,136,2016,298.67
610,15,3.2,15,Sci-Fi,5.53,73757,91,2018,354.67
611,11,3.0,11,Drama,1.32,87575,112,2006,390.28
612,15,2.93,15,Action,7.71,92611,135,2022,304.11
613,12,3.17,12,Comedy,2.41,15241,137,2020,397.43
614,12,2.92,12,Sci-Fi,8.92,36409,142,2005,83.18
615,9,2.0,9,Horror,8.29,94565,140,2015,458.66
616,10,3.5,10,Horror,4.4,27834,175,2002,120.08
617,13,2.69,13,Action,9.21,25219,95,2009,459.2
618,16,3.25,16,Comedy,6.95,72504,143,2023,344.1
619,15,3.27,15,Action,1.34,94242,98,2013,315.58
620,18,2.67,18,Comedy,2.8,75881,122,2009,222.49
621,9,3.11,9,Drama,7.54,11980,130,2010,14.56
622,23,2.78,23,Drama,8.68,66489,86,2023,364.09
623,10,3.3,10,Action,4.78,40285,162,2004,21.71
624,14,2.64,14,Horror,4.58,38837,174,2003,90.96
625,11,3.18,11,Drama,7.59,25758,163,2013,269.6
626,12,2.5,12,Sci-Fi,7.42,80468,85,2025,319.99
627,12,2.25,12,Horror,2.31,78492,145,2001,143.35
628,12,2.5,12,Sci-Fi,6.88,59639,152,2024,85.88
629,15,3.4,15,Drama,9.86,82699,173,2010,165.3
630,17,2.53,17,Drama,1.51,56236,89,2004,28.58
631,11,2.82,11,Drama,4.54,46314,148,2019,206.35
632,10,2.7,10,Drama,3.64,52419,179,2019,56.16
633,18,2.94,18,Comedy,9.61,70212,175,2017,325.61
634,13,3.08,13,Horror,8.15,50578,143,2014,115.34
635,21,3.29,21,Sci-Fi,3.0,90244,127,2013,447.15
636,12,2.92,12,Action,2.89,41862,95,2008,205.35
637,17,3.29,17,Drama,2.74,93439,96,2009,34.64
638,16,2.81,16,Sci-Fi,9.57,9778,100,2011,377.71
639,15,2.73,15,Horror,6.28,87996,108,2003,317.66
640,12,2.25,12,Action,5.11,23222,173,2009,177.24
641,11,3.09,11,Drama,7.2,8285,88,2022,281.78
642,13,3.0,13,Drama,3.05,655,143,2001,267.29
643,15,2.93,15,Action,2.92,33453,116,2005,392.44
644,11,2.36,11,Drama,3.44,48474,125,2022,224.64
645,18,3.33,18,Drama,4.09,68141,178,2018,248.44
646,13,2.77,13,Action,4.51,42829,116,2023,417.59
647,17,3.06,17,Sci-Fi,3.32,45972,141,2016,376.48
648,10,2.6,10,Action,6.09,53413,154,2000,4.76
649,8,3.25,8,Drama,6.22,68877,147,2000,299.58
650,15,2.8,15,Comedy,5.53,12579,136,2001,480.9
651,17,3.65,17,Sci-Fi,6.28,10587,164,2023,191.64
652,10,2.6,10,Action,6.21,54584,163,2020,223.76
653,14,2.57,14,Drama,1.96,59963,131,2001,324.92
654,12,2.25,12,Sci-Fi,8.21,78236,96,2012,216.66
655,5,3.0,5,Action,5.78,46989,84,2025,99.73
656,10,2.5,10,Comedy,4.49,29870,108,2025,447.41
657,15,2.8,15,Comedy,8.52,14468,150,2016,382.95
658,8,3.0,8,Sci-Fi,7.59,80668,131,2021,164.09
659,7,2.71,7,Comedy,3.19,75685,130,2017,163.38
660,10,2.8,10,Action,3.99,2435,89,2001,388.1
661,17,3.59,17,Drama,7.85,40695,138,2004,290.36
662,3,4.33,3,Drama,2.74,98797,130,2015,395.77
663,20,2.55,20,Comedy,1.36,40101,88,2018,304.8
664,12,3.58,12,Drama,7.2,2377,180,2021,172.03
665,12,2.75,12,Drama,3.49,9883,138,2014,77.58
666,12,4.08,12,Drama,1.91,11610,88,2019,468.17
667,13,3.15,13,Horror,2.4,18035,116,2017,404.55
668,21,2.29,21,Action,1.29,7950,140,2019,331.63
669,18,2.94,18,Drama,1.78,71038,126,2007,285.49
670,13,2.38,13,Drama,8.69,42760,133,2008,307.44
671,14,2.57,14,Horror,2.96,38969,160,2022,281.72
672,13,3.15,13,Sci-Fi,1.26,80516,113,2001,432.89
673,9,2.78,9,Comedy,3.83,54004,154,2024,317.12
674,13,3.31,13,Horror,9.93,42563,134,2015,232.95
675,11,2.45,11,Horror,8.85,57627,110,2020,183.82
676,10,3.1,10,Action,1.18,29104,139,2020,300.77
677,12,3.25,12,Horror,6.82,68277,92,2018,118.45
678,13,2.31,13,Comedy,9.59,32444,144,2021,49.83
679,18,3.11,18,Action,9.85,27040,175,2020,29.58
680,13,3.15,13,Drama,2.69,14020,113,2000,274.0
681,12,3.17,12,Horror,5.11,93214,131,2017,227.89
682,12,2.92,12,Action,1.92,31857,82,2025,477.13
683,8,2.75,8,Sci-Fi,2.34,87362,116,2011,379.1
684,15,3.67,15,Comedy,6.8,29529,167,2006,124.1
685,11,3.36,11,Action,7.15,40191,105,2018,52.73
686,11,2.82,11,Horror,3.81,4165,110,2017,257.31
687,16,2.94,16,Action,3.05,8408,114,2011,250.7
688,13,2.62,13,Comedy,6.06,55092,103,2012,253.68
689,13,3.0,13,Drama,6.51,75731,145,2004,41.88
690,12,2.5,12,Drama,3.61,81532,131,2022,453.71
691,13,3.08,13,Drama,8.71,77773,131,2000,22.26
692,7,2.86,7,Drama,5.47,87303,177,2023,237.53
693,16,3.12,16,Sci-Fi,1.15,63540,107,2001,67.21
694,4,3.5,4,Sci-Fi,7.49,55438,139,2014,322.71
695,22,2.82,22,Comedy,3.81,8049,137,2017,95.62
696,13,2.92,13,Horror,8.22,80107,80,2004,371.32
697,11,3.36,11,Horror,6.05,84356,139,2009,267.65
698,14,3.43,14,Comedy,7.86,65277,168,2002,144.55
699,16,3.25,16,Comedy,7.96,7404,117,2011,160.21
700,9,2.89,9,Horror,5.1,65290,151,2017,199.98
701,13,2.77,13,Action,8.02,61666,104,2019,291.56
702,10,3.1,10,Drama,9.04,28914,169,2014,50.6
703,16,3.19,16,Sci-Fi,5.45,43071,179,2025,352.18
704,19,2.84,19,Horror,1.31,99162,91,2024,318.82
705,12,2.58,12,Action,5.65,26608,121,2002,460.13
706,7,2.57,7,Horror,9.1,55951,159,2025,457.97
707,8,2.62,8,Comedy,4.03,10894,137,2010,419.45
708,18,2.94,18,Drama,6.62,91624,163,2019,344.15
709,15,2.73,15,Horror,7.17,26209,167,2015,197.01
710,12,3.0,12,Horror,1.89,31322,115,2017,94.5
711,10,3.1,10,Action,1.67,22763,155,2021,93.94
712,11,3.27,11,Sci-Fi,7.58,62851,161,2015,256.69
713,13,2.77,13,Sci-Fi,9.64,34291,163,2010,136.53
714,15,2.53,15,Comedy,7.79,57116,104,2002,435.55
715,14,2.79,14,Drama,6.79,30822,155,2013,263.64
716,12,3.17,12,Drama,6.3,30597,146,2001,306.66
717,10,3.7,10,Action,7.1,86801,99,2022,118.83
718,19,2.95,19,Comedy,2.34,64864,81,2014,346.94
719,17,2.94,17,Comedy,9.74,43793,137,2025,52.71
720,16,2.56,16,Drama,5.74,76474,133,2019,46.67
721,17,3.29,17,Drama,2.87,55690,116,2019,15.96
722,12,3.33,12,Sci-Fi,3.58,49318,176,2016,81.84
723,12,3.33,12,Action,7.67,27027,114,2019,68.97
724,19,3.53,19,Sci-Fi,8.75,47607,143,2020,267.6
725,11,2.82,11,Horror,7.79,92285,83,2010,73.55
726,15,3.0,15,Sci-Fi,7.36,92153,137,2001,12.74
727,17,3.06,17,Drama,2.88,97762,143,2005,2.71
728,6,3.33,6,Horror,2.82,18621,92,2001,498.16
729,12,3.25,12,Drama,3.85,75962,107,2008,36.4
730,14,2.57,14,Action,2.54,56958,101,2001,83.47
731,17,2.94,17,Horror,7.62,6782,84,2020,486.26
732,15,3.47,15,Drama,7.79,1710,123,2015,159.3
733,14,2.86,14,Horror,4.54,60023,97,2000,227.31
734,10,2.8,10,Drama,1.62,1548,155,2012,81.64
735,19,3.42,19,Sci-Fi,3.52,95212,136,2020,188.34
736,13,3.15,13,Comedy,1.17,28902,98,2002,116.54
737,10,3.2,10,Horror,6.35,77694,115,2006,376.3
738,15,3.27,15,Drama,3.06,81558,106,2005,279.88
739,12,3.0,12,Comedy,6.67,23299,143,2021,357.62
740,9,2.67,9,Comedy,8.96,44210,110,2005,304.19
741,13,3.46,13,Comedy,8.69,2605,94,2012,474.36
742,10,3.5,10,Horror,1.46,71498,171,2009,32.91
743,11,2.82,11,Horror,5.52,27745,148,2015,372.02
744,15,3.47,15,Comedy,2.25,15146,157,2000,401.57
745,10,2.8,10,Drama,2.98,5013,172,2012,299.78
746,11,2.45,11,Action,8.57,73445,134,2023,366.27
747,9,2.0,9,Comedy,2.01,90692,155,2024,357.92
748,13,3.54,13,Horror,3.33,4705,138,2025,189.76
749,16,3.06,16,Comedy,9.85,4723,109,2024,222.78
750,8,3.38,8,Comedy,5.24,57061,159,2014,230.82
751,15,3.07,15,Action,9.47,74172,175,2006,174.79
752,10,2.3,10,Sci-Fi,4.6,81845,152,2014,334.46
753,14,2.79,14,Sci-Fi,5.32,97231,90,2014,182.42
754,7,1.86,7,Comedy,6.11,64324,168,2000,110.29
755,10,2.3,10,Action,4.63,73339,121,2020,376.28
756,13,3.38,13,Horror,5.49,14257,87,2008,86.77
757,20,3.55,20,Action,9.39,42770,120,2023,354.02
758,6,3.5,6,Sci-Fi,8.05,66027,119,2004,179.73
759,17,2.76,17,Drama,4.16,97949,112,2022,240.66
760,17,2.88,17,Action,1.3,61128,125,2016,98.03
761,12,3.08,12,Horror,1.2,25424,155,2013,470.17
762,9,3.11,9,Drama,4.35,10320,88,2004,207.41
763,19,3.26,19,Drama,9.42,74244,120,2007,174.37
764,17,3.0,17,Sci-Fi,3.87,71971,81,2007,439.88
765,12,2.67,12,Action,9.92,12915,125,2025,17.17
766,11,3.09,11,Comedy,1.87,84133,168,2004,265.08
767,10,3.4,10,Drama,4.56,80170,174,2019,307.83
768,8,2.0,8,Horror,5.51,12467,177,2012,280.52
769,15,3.47,15,Action,8.24,90317,133,2005,302.92
770,9,3.22,9,Comedy,9.96,61171,132,2022,210.88
771,11,2.82,11,Action,3.77,10156,157,2015,269.11
772,14,3.29,14,Action,3.12,91931,134,2014,267.66
773,12,3.42,12,Action,7.06,97291,106,2021,473.01
774,13,2.54,13,Drama,1.67,63289,125,2015,322.05
775,15,2.6,15,Comedy,4.53,4756,113,2010,465.6
776,7,3.71,7,Action,6.05,75877,153,2018,424.45
777,15,2.93,15,Horror,8.96,26564,117,2016,19.52
778,13,2.85,13,Sci-Fi,2.26,215,104,2012,165.92
779,7,3.86,7,Comedy,8.74,69938,114,2019,268.7
780,19,3.21,19,Drama,8.43,1027,146,2000,390.99
781,11,3.45,11,Sci-Fi,1.67,21256,167,2018,293.76
782,16,3.19,16,Sci-Fi,7.35,14425,96,2011,59.43
783,12,3.25,12,Horror,2.18,69252,108,2019,461.98
784,14,2.64,14,Action,1.62,60003,160,2001,209.28
785,14,3.0,14,Horror,6.71,58606,95,2003,258.19
786,12,3.5,12,Action,6.38,27741,103,2014,155.5
787,13,2.92,13,Drama,8.89,80690,169,2021,430.9
788,21,3.1,21,Action,7.21,44922,176,2007,278.97
789,11,2.91,11,Sci-Fi,2.92,73968,138,2020,416.32
790,14,2.79,14,Drama,8.88,65062,122,2016,279.02
791,10,2.7,10,Sci-Fi,2.5,92771,122,2000,441.29
792,13,2.77,13,Comedy,9.18,15622,104,2025,499.57
793,8,3.25,8,Comedy,5.92,74513,116,2019,306.15
794,11,3.64,11,Sci-Fi,6.58,18949,115,2007,465.72
795,11,3.64,11,Action,6.6,84991,160,2015,8.03
796,10,3.5,10,Action,5.34,32960,117,2010,398.11
797,15,2.93,15,Comedy,4.03,34549,170,2017,147.15
798,12,3.33,12,Horror,8.45,48401,106,2019,196.08
799,7,2.43,7,Comedy,2.35,82916,90,2018,227.17
800,13,2.77,13,Action,5.38,87666,178,2005,306.9
801,20,3.05,20,Action,3.72,89228,159,2000,430.15
802,13,3.31,13,Drama,2.59,46393,132,2004,347.0
803,9,3.22,9,Comedy,6.03,30427,146,2025,417.47
804,17,3.41,17,Sci-Fi,9.0,45240,113,2005,213.19
805,9,2.89,9,Sci-Fi,3.26,78486,135,2013,222.46
806,9,3.44,9,Horror,4.8,27388,180,2006,272.82
807,17,2.88,17,Sci-Fi,3.06,4188,100,2018,146.58
808,14,3.0,14,Comedy,1.32,81030,138,2012,459.5
809,13,1.85,13,Horror,1.85,64689,167,2021,453.15
810,12,3.17,12,Horror,1.0,46146,175,2011,196.93
811,17,3.47,17,Horror,1.47,36628,83,2011,144.28
812,14,2.71,14,Horror,7.59,98541,110,2013,67.96
813,9,3.44,9,Action,7.97,21658,107,2021,314.07
814,10,2.9,10,Action,8.22,35070,148,2007,238.29
815,20,3.3,20,Sci-Fi,2.66,62081,125,2023,132.57
816,12,3.0,12,Comedy,3.27,80606,80,2000,140.03
817,14,3.07,14,Sci-Fi,4.25,56403,147,2025,363.42
818,12,3.33,12,Drama,9.49,95149,128,2007,140.77
819,9,3.56,9,Drama,5.45,54249,101,2023,7.3
820,8,3.25,8,Drama,6.84,31538,160,2019,91.24
821,11,3.55,11,Drama,8.76,35119,150,2010,254.54
822,14,3.0,14,Action,2.65,92398,162,2021,152.32
823,9,3.44,9,Drama,9.11,7287,135,2003,53.4
824,16,2.69,16,Comedy,9.89,81863,90,2012,494.76
825,14,3.21,14,Action,8.72,91558,159,2011,402.98
826,16,3.06,16,Action,8.42,25166,173,2012,303.46
827,12,3.17,12,Sci-Fi,8.88,29657,129,2021,278.14
828,13,3.0,13,Drama,3.24,16948,83,2010,323.73
829,6,3.5,6,Action,6.0,55567,87,2000,13.44
830,13,3.15,13,Sci-Fi,1.42,73459,175,2013,119.42
831,15,2.93,15,Action,1.26,67081,84,2004,401.5
832,14,2.71,14,Drama,1.02,80685,108,2020,398.72
833,10,3.0,10,Action,1.73,11893,151,2024,319.99
834,12,2.92,12,Sci-Fi,7.84,67531,166,2024,486.59
835,11,3.27,11,Action,8.74,57542,124,2022,294.64
836,9,2.78,9,Sci-Fi,7.25,71275,148,2025,497.96
837,6,2.33,6,Sci-Fi,9.01,8465,133,2016,154.83
838,13,2.62,13,Sci-Fi,7.08,49345,117,2003,489.04
839,7,2.71,7,Sci-Fi,3.46,60265,120,2012,394.87
840,10,3.3,10,Sci-Fi,5.76,6263,109,2025,134.94
841,15,2.73,15,Comedy,7.17,81560,89,2012,115.14
842,8,2.12,8,Comedy,2.58,24291,104,2025,412.03
843,9,3.22,9,Comedy,2.94,46668,177,2020,26.94
844,20,3.15,20,Action,2.96,24921,159,2024,462.36
845,17,2.59,17,Sci-Fi,6.06,19713,174,2025,120.39
846,17,2.53,17,Horror,9.58,96171,107,2022,16.25
847,16,3.19,16,Drama,2.0,63383,116,2022,492.7
848,10,3.2,10,Action,5.79,92799,127,2011,111.81
849,19,2.95,19,Drama,8.55,49663,137,2008,333.56
850,7,1.86,7,Drama,3.78,81671,128,2021,166.13
851,12,3.58,12,Comedy,9.56,73337,129,2004,348.08
852,10,3.6,10,Drama,7.46,25425,129,2003,327.3
853,11,3.27,11,Horror,2.64,29190,107,2020,154.5
854,20,3.0,20,Action,9.91,53731,164,2011,42.9
855,15,2.73,15,Comedy,5.31,74090,143,2002,426.01
856,13,3.46,13,Drama,1.05,66166,142,2003,247.95
857,14,3.29,14,Drama,7.37,9576,95,2002,172.74
858,13,2.69,13,Drama,1.63,14177,164,2003,244.07
859,13,2.62,13,Comedy,8.29,18526,173,2019,81.15
860,11,3.45,11,Sci-Fi,8.35,17276,138,2016,347.37
861,10,3.2,10,Action,3.79,15797,172,2008,414.2
862,16,2.19,16,Drama,4.3,23450,157,2006,486.21
863,11,2.82,11,Comedy,5.11,80106,163,2021,289.39
864,8,3.5,8,Horror,7.48,49852,83,2013,89.13
865,9,2.78,9,Sci-Fi,2.88,70370,180,2021,67.88
866,11,2.73,11,Drama,7.82,8222,87,2016,231.95
867,18,3.17,18,Sci-Fi,1.16,25823,86,2009,243.94
868,16,3.56,16,Sci-Fi,3.85,79117,85,2019,131.94
869,22,2.82,22,Horror,6.73,2034,173,2023,379.16
870,13,3.08,13,Sci-Fi,4.96,91799,103,2019,310.51
871,16,3.62,16,Drama,4.45,98695,113,2010,379.39
872,11,3.0,11,Sci-Fi,9.3,92264,89,2014,305.06
873,6,4.17,6,Sci-Fi,3.51,23004,146,2007,102.13
874,13,3.08,13,Drama,8.41,99773,99,2020,114.48
875,16,3.0,16,Comedy,5.78,75693,90,2004,165.53
876,16,2.88,16,Sci-Fi,5.79,90144,136,2014,352.04
877,19,3.11,19,Sci-Fi,1.83,12814,165,2000,257.78
878,14,2.71,14,Drama,1.1,59974,90,2001,403.33
879,10,2.4,10,Comedy,6.41,11323,145,2024,448.94
880,18,2.72,18,Action,2.58,31582,87,2000,48.65
881,18,2.78,18,Sci-Fi,3.11,38047,143,2015,243.93
882,16,3.25,16,Comedy,5.35,63637,157,2006,263.13
883,12,2.5,12,Drama,5.2,9577,175,2020,185.35
884,14,2.93,14,Sci-Fi,1.87,69677,96,2015,399.22
885,15,3.2,15,Sci-Fi,4.03,36149,160,2025,360.4
886,12,3.33,12,Action,3.45,56409,123,2024,485.01
887,11,2.45,11,Horror,7.62,40752,107,2015,309.37
888,12,3.25,12,Comedy,4.92,82227,172,2009,399.55
889,20,2.85,20,Drama,6.67,17173,99,2022,255.96
890,7,3.14,7,Action,8.56,69560,141,2008,220.58
891,5,2.8,5,Action,3.26,82306,156,2015,99.45
892,14,3.14,14,Comedy,8.77,39413,158,2004,153.84
893,13,3.0,13,Horror,2.34,79866,93,2024,330.76
894,16,3.88,16,Horror,7.07,20078,179,2007,296.8
895,12,3.33,12,Sci-Fi,1.86,74402,87,2014,490.63
896,13,3.08,13,Horror,4.78,95608,144,2012,480.7
897,15,3.33,15,Action,4.61,94105,166,2014,5.34
898,16,2.62,16,Drama,9.17,98905,92,2020,76.72
899,19,3.11,19,Comedy,2.37,67629,152,2013,427.32
900,7,3.86,7,Action,2.41,9079,164,2022,2.97
901,14,2.86,14,Comedy,7.36,79256,125,2001,321.58
902,19,2.95,19,Comedy,4.9,98909,127,2004,462.31
903,13,3.85,13,Comedy,3.75,34314,138,2009,410.26
904,17,2.76,17,Sci-Fi,9.04,8548,99,2021,314.5
905,9,2.78,9,Comedy,1.24,87337,102,2001,55.11
906,12,2.5,12,Action,9.54,67415,175,2021,424.93
907,12,3.08,12,Drama,5.17,85123,108,2014,457.57
908,5,2.0,5,Horror,8.87,38939,87,2007,333.54
909,7,2.71,7,Comedy,2.62,3862,85,2007,493.92
910,7,3.29,7,Horror,2.49,8815,97,2023,70.03
911,11,3.09,11,Comedy,9.77,72235,95,2002,110.11
912,10,3.0,10,Comedy,4.34,44980,106,2015,270.09
913,16,2.94,16,Sci-Fi,7.99,49576,92,2000,381.98
914,12,2.33,12,Action,3.19,38738,108,2008,235.67
915,10,2.6,10,Sci-Fi,9.96,77065,131,2022,54.49
916,17,3.18,17,Horror,5.73,8269,100,2013,247.68
917,9,3.11,9,Comedy,2.1,7901,133,2000,330.53
918,14,3.07,14,Comedy,5.8,11231,83,2000,346.75
919,12,2.83,12,Horror,4.52,21195,161,2024,345.53
920,14,3.29,14,Action,7.38,32652,85,2021,88.89
921,8,2.88,8,Horror,3.67,4304,161,2010,123.17
922,14,3.29,14,Comedy,4.72,82508,168,2014,73.86
923,17,3.35,17,Drama,2.2,21879,116,2025,265.3
924,11,3.73,11,Drama,9.0,17513,153,2000,331.39
925,10,2.6,10,Comedy,9.25,32573,144,2006,428.46
926,11,2.45,11,Horror,4.54,20408,173,2019,77.62
927,17,3.29,17,Comedy,7.01,15446,98,2024,101.75
928,13,2.62,13,Drama,6.12,21147,124,2022,436.11
929,15,3.13,15,Action,6.54,38008,145,2018,136.26
930,15,2.73,15,Horror,9.75,39759,151,2005,170.24
931,18,3.06,18,Comedy,1.81,13379,97,2024,256.26
932,12,2.83,12,Sci-Fi,6.01,26620,97,2005,217.05
933,12,2.83,12,Horror,3.95,93730,88,2024,67.45
934,12,3.0,12,Horror,5.24,23174,176,2013,469.17
935,14,3.07,14,Sci-Fi,9.49,59433,138,2022,288.78
936,18,3.06,18,Action,5.02,16590,86,2022,328.41
937,13,2.46,13,Action,6.82,13913,119,2010,58.53
938,12,3.83,12,Horror,4.81,57260,176,2011,295.78
939,9,3.11,9,Horror,1.57,58273,146,2002,412.72
940,11,3.73,11,Horror,6.91,60828,154,2023,97.71
941,18,3.17,18,Horror,5.38,38469,141,2021,456.3
942,22,3.41,22,Action,6.87,6181,133,2014,257.02
943,14,3.5,14,Sci-Fi,1.81,39078,173,2006,175.71
944,16,3.56,16,Drama,8.77,26012,113,2019,146.07
945,9,3.22,9,Sci-Fi,7.19,86000,86,2003,295.31
946,10,2.0,10,Action,8.11,63303,167,2015,459.9
947,12,2.58,12,Sci-Fi,7.9,92366,95,2012,201.82
948,15,3.53,15,Drama,8.23,35486,164,2003,173.3
949,9,2.67,9,Horror,4.29,93659,152,2003,156.12
950,13,3.31,13,Action,9.76,34016,126,2008,111.31
951,6,2.33,6,Action,9.78,80823,180,2018,343.83
952,7,4.0,7,Drama,6.05,16983,165,2013,63.92
953,6,2.67,6,Horror,1.57,39597,127,2001,65.74
954,9,2.89,9,Drama,6.07,20543,104,2013,475.54
955,11,3.0,11,Action,2.39,27142,88,2007,109.32
956,14,2.86,14,Horror,4.94,21959,125,2001,299.18
957,11,2.55,11,Drama,9.79,16199,156,2001,267.38
958,10,2.2,10,Action,3.81,7419,95,2009,59.07
959,9,2.67,9,Horror,2.41,57655,180,2006,188.7
960,17,3.53,17,Drama,4.41,69370,130,2001,123.17
961,10,2.8,10,Drama,7.99,88811,101,2001,377.51
962,14,2.36,14,Action,1.24,90940,175,2014,413.92
963,10,2.7,10,Action,9.66,91624,84,2023,379.67
964,13,2.54,13,Comedy,1.76,66823,87,2008,259.11
965,9,2.89,9,Horror,8.13,82733,165,2009,270.02
966,13,3.77,13,Horror,1.24,94642,147,2014,114.79
967,16,3.06,16,Action,6.34,96940,119,2000,138.39
968,10,2.9,10,Comedy,3.53,9007,116,2007,59.55
969,11,2.64,11,Horror,5.85,65314,107,2020,277.72
970,12,3.0,12,Action,5.54,58871,91,2020,330.11
971,10,3.5,10,Horror,9.38,30214,122,2008,205.48
972,18,2.67,18,Horror,9.77,27290,81,2004,427.7
973,17,3.0,17,Action,3.62,85649,87,2021,248.98
974,14,3.93,14,Sci-Fi,3.84,26153,110,2025,462.05
975,14,3.07,14,Comedy,5.58,20316,93,2016,222.31
976,20,2.95,20,Action,5.49,74090,88,2019,337.58
977,12,3.58,12,Drama,2.76,27817,131,2011,256.42
978,14,2.86,14,Comedy,1.9,59522,176,2016,56.77
979,10,3.0,10,Action,7.4,23203,133,2000,43.04
980,13,3.54,13,Comedy,4.53,5450,132,2000,175.72
981,14,2.86,14,Drama,3.36,26340,123,2025,456.27
982,11,3.0,11,Drama,6.0,97502,115,2014,14.81
983,6,2.5,6,Sci-Fi,2.22,93971,171,2010,376.97
984,16,2.62,16,Horror,2.04,83535,105,2006,451.97
985,15,2.93,15,Drama,7.58,41780,121,2008,12.6
986,18,3.33,18,Drama,3.9,52811,100,2009,38.4
987,10,3.7,10,Horror,5.43,26650,143,2012,42.79
988,13,2.62,13,Sci-Fi,5.26,52461,171,2015,225.57
989,13,2.92,13,Comedy,7.39,53028,93,2007,463.14
990,11,2.64,11,Sci-Fi,9.91,71226,174,2010,146.96
991,14,3.0,14,Drama,9.92,77648,129,2013,418.15
992,23,3.09,23,Drama,6.97,52207,96,2024,242.35
993,11,3.27,11,Sci-Fi,1.84,61332,80,2015,111.57
994,12,3.0,12,Action,6.49,64791,176,2021,434.72
995,15,3.07,15,Drama,4.71,59950,92,2012,490.99
996,11,2.45,11,Action,5.78,83993,94,2001,300.2
997,13,3.38,13,Drama,8.24,14466,160,2022,301.5
998,9,3.11,9,Action,5.33,28291,122,2012,45.16
999,12,3.0,12,Drama,1.85,43786,163,2025,337.8
1000,14,2.71,14,Action,8.46,20716,110,2025,106.94
