user_id,total_views,average_rating
1,12,2.08
2,12,2.58
3,9,3.33
4,18,2.61
5,8,2.38
6,11,2.36
7,16,3.62
8,10,2.7
9,16,3.06
10,17,2.94
11,7,3.71
12,17,3.59
13,10,2.5
14,11,3.09
15,6,2.5
16,8,2.75
17,18,3.0
18,13,2.08
19,10,2.9
20,8,2.12
21,11,2.91
22,7,4.14
23,16,3.12
24,8,3.0
25,16,2.88
26,20,2.9
27,5,3.6
28,17,3.0
29,18,3.39
30,8,3.12
31,9,3.67
32,14,3.79
33,20,2.3
34,5,2.8
35,13,3.23
36,9,2.89
37,14,3.07
38,12,3.58
39,9,2.44
40,20,2.75
41,9,2.33
42,6,3.33
43,14,3.29
44,12,3.83
45,10,3.0
46,6,3.17
47,12,3.25
48,7,2.71
49,9,2.11
50,11,2.64
51,20,3.15
52,16,3.38
53,15,2.87
54,17,2.65
55,10,3.4
56,15,3.07
57,14,2.93
58,18,2.61
59,12,3.75
60,19,2.95
61,6,1.67
62,16,3.25
63,20,2.6
64,18,2.89
65,14,3.36
66,9,3.11
67,17,2.76
68,5,2.0
69,18,2.28
70,6,2.5
71,17,2.53
72,6,2.17
73,20,3.2
74,5,3.6
75,15,3.67
76,10,3.3
77,20,3.05
78,12,3.83
79,18,3.0
80,10,3.1
81,19,2.74
82,10,2.3
83,20,3.4
84,18,2.94
85,10,3.7
86,16,2.31
87,19,2.84
88,19,3.05
89,5,4.4
90,20,2.7
91,10,3.5
92,19,3.0
93,8,2.38
94,20,3.5
95,14,2.86
96,10,2.9
97,15,2.6
98,10,2.7
99,10,2.2
100,7,3.14
101,15,2.8
102,10,3.0
103,6,3.17
104,12,3.17
105,15,2.87
106,18,3.17
107,5,3.0
108,8,3.25
109,17,2.65
110,12,3.58
111,13,3.08
112,9,3.0
113,10,3.1
114,12,3.58
115,8,2.75
116,19,2.79
117,16,2.44
118,13,2.15
119,8,2.75
120,7,2.14
121,13,2.54
122,17,2.88
123,5,3.8
124,17,2.29
125,18,3.0
126,5,2.8
127,15,3.2
128,14,2.86
129,15,3.07
130,10,3.4
131,19,3.53
132,18,2.89
133,15,3.2
134,9,2.44
135,8,3.75
136,5,2.6
137,14,2.93
138,9,2.56
139,8,2.5
140,14,3.36
141,13,3.23
142,10,3.0
143,8,3.12
144,17,2.71
145,6,3.5
146,16,2.62
147,15,2.8
148,6,2.83
149,8,2.12
150,6,2.83
151,5,3.6
152,11,2.73
153,15,3.8
154,15,3.67
155,14,2.57
156,10,2.7
157,17,2.94
158,19,3.05
159,9,2.78
160,11,2.91
161,18,2.78
162,18,2.89
163,17,3.24
164,5,3.2
165,10,3.2
166,16,2.25
167,11,2.55
168,8,3.0
169,9,2.89
170,13,3.08
171,12,3.33
172,5,2.4
173,15,2.8
174,17,2.65
175,11,3.91
176,6,3.33
177,14,3.79
178,5,1.4
179,7,4.0
180,17,3.0
181,13,3.15
182,19,2.74
183,16,3.25
184,20,3.4
185,18,2.22
186,8,3.12
187,11,2.55
188,17,2.82
189,19,2.89
190,16,2.81
191,8,2.75
192,16,3.44
193,5,2.0
194,9,3.11
195,20,3.05
196,17,2.18
197,13,3.62
198,6,2.17
199,17,3.12
200,9,3.56
201,14,3.21
202,16,3.0
203,17,2.82
204,20,3.2
205,5,2.6
206,5,3.4
207,18,2.89
208,12,3.08
209,10,3.1
210,19,2.95
211,11,3.18
212,7,2.71
213,19,2.89
214,18,2.89
215,9,3.44
216,7,3.0
217,11,2.91
218,12,2.92
219,8,2.62
220,8,3.5
221,15,2.67
222,8,2.12
223,12,3.08
224,14,2.29
225,19,2.95
226,17,2.53
227,7,3.29
228,5,2.8
229,20,2.8
230,7,2.57
231,15,3.6
232,18,3.0
233,12,3.0
234,13,3.08
235,6,3.5
236,10,3.8
237,13,2.62
238,15,3.2
239,11,2.91
240,12,2.58
241,18,2.5
242,17,3.35
243,5,3.4
244,13,3.15
245,18,2.67
246,6,4.0
247,13,2.77
248,13,3.15
249,14,2.86
250,17,2.59
251,17,2.65
252,10,2.7
253,11,3.36
254,9,2.78
255,8,3.25
256,18,3.33
257,9,3.11
258,18,3.78
259,11,3.09
260,20,3.25
261,8,3.38
262,18,3.17
263,18,3.17
264,15,2.67
265,19,3.0
266,8,3.12
267,13,3.23
268,16,2.56
269,15,2.87
270,8,3.5
271,14,3.14
272,17,2.88
273,8,3.12
274,13,2.62
275,14,2.14
276,5,2.0
277,12,3.17
278,11,3.09
279,5,2.6
280,14,3.21
281,12,2.92
282,19,3.42
283,5,2.8
284,8,2.62
285,15,2.8
286,17,3.0
287,20,2.35
288,17,3.06
289,7,3.86
290,6,3.5
291,16,3.06
292,13,2.46
293,18,2.94
294,16,2.5
295,18,3.11
296,19,3.11
297,16,3.0
298,5,3.0
299,19,2.89
300,10,3.6
301,5,2.0
302,6,1.67
303,8,2.62
304,10,3.0
305,13,2.92
306,13,3.0
307,18,2.83
308,13,2.92
309,15,2.73
310,7,2.29
311,7,2.86
312,8,2.5
313,12,3.0
314,8,2.88
315,15,2.47
316,17,3.12
317,16,3.5
318,6,3.0
319,13,2.85
320,16,2.94
321,11,3.27
322,7,2.86
323,8,2.75
324,17,3.18
325,9,2.78
326,14,2.5
327,15,3.4
328,17,3.06
329,6,3.0
330,5,4.2
331,16,3.19
332,6,2.83
333,13,3.62
334,8,2.88
335,11,2.91
336,8,3.0
337,5,3.0
338,13,3.31
339,9,3.0
340,20,2.8
341,18,3.22
342,5,2.8
343,10,2.9
344,14,2.71
345,9,3.0
346,19,3.11
347,8,3.38
348,13,3.54
349,13,2.69
350,11,3.09
351,9,3.33
352,17,2.59
353,9,2.67
354,19,2.74
355,17,3.18
356,15,3.0
357,10,3.3
358,7,3.0
359,7,2.71
360,7,2.86
361,5,3.8
362,11,2.36
363,16,2.75
364,11,3.09
365,14,2.93
366,11,3.27
367,18,3.11
368,9,3.33
369,5,2.6
370,10,2.8
371,20,3.45
372,12,2.92
373,20,2.85
374,5,2.6
375,19,2.79
376,17,3.29
377,7,2.29
378,18,3.0
379,8,3.62
380,19,2.58
381,9,2.33
382,19,2.84
383,15,3.0
384,11,4.18
385,15,2.73
386,10,3.0
387,18,2.78
388,7,3.14
389,5,3.0
390,5,2.6
391,20,3.0
392,16,2.69
393,7,1.71
394,19,2.84
395,14,2.86
396,20,2.75
397,14,3.71
398,5,3.4
399,6,3.67
400,18,3.11
401,15,3.27
402,5,4.0
403,16,3.0
404,19,3.05
405,16,2.62
406,8,3.75
407,13,2.92
408,9,2.67
409,9,3.11
410,19,3.37
411,5,3.6
412,8,2.5
413,9,2.0
414,11,3.55
415,6,3.83
416,16,2.62
417,6,4.0
418,18,2.89
419,17,2.76
420,20,2.6
421,16,3.06
422,6,3.17
423,16,3.19
424,18,2.78
425,12,2.25
426,9,3.44
427,20,2.8
428,10,3.9
429,19,3.79
430,11,3.09
431,17,2.71
432,15,2.87
433,5,3.0
434,16,2.56
435,18,2.33
436,9,4.0
437,11,2.36
438,12,3.08
439,13,2.69
440,13,3.38
441,8,2.5
442,9,2.22
443,19,3.0
444,11,3.82
445,20,3.0
446,6,2.67
447,15,3.27
448,13,2.54
449,10,2.7
450,14,2.86
451,18,2.67
452,16,3.19
453,10,2.3
454,12,2.5
455,17,3.88
456,20,2.85
457,9,3.0
458,5,2.8
459,20,2.85
460,19,3.21
461,6,3.0
462,15,3.27
463,14,3.29
464,7,3.0
465,17,2.88
466,14,2.86
467,12,2.17
468,14,4.0
469,6,1.5
470,19,3.37
471,12,2.92
472,10,2.8
473,6,2.0
474,8,2.75
475,19,2.89
476,9,2.78
477,16,3.12
478,8,2.88
479,17,3.29
480,14,2.86
481,7,4.29
482,8,2.0
483,20,2.05
484,19,3.0
485,13,3.08
486,8,2.75
487,9,2.33
488,10,3.2
489,7,3.71
490,18,3.17
491,15,2.8
492,16,3.38
493,12,2.33
494,7,3.14
495,10,2.4
496,15,3.2
497,17,2.35
498,8,2.38
499,14,2.79
500,20,3.45
501,6,3.33
502,14,2.57
503,12,2.75
504,19,3.26
505,14,2.93
506,8,3.5
507,17,2.82
508,19,2.79
509,19,3.21
510,7,2.14
511,11,3.36
512,17,2.41
513,13,2.31
514,13,2.54
515,5,3.2
516,7,3.0
517,11,3.18
518,5,2.2
519,19,3.05
520,12,3.08
521,6,2.5
522,12,3.5
523,10,3.4
524,15,2.8
525,16,3.56
526,14,3.21
527,16,2.81
528,15,3.07
529,17,2.59
530,11,3.45
531,20,2.75
532,12,2.83
533,13,3.54
534,12,2.33
535,20,3.1
536,20,3.25
537,11,3.91
538,18,3.28
539,7,3.0
540,6,2.83
541,14,3.07
542,14,3.0
543,9,3.0
544,18,3.11
545,7,2.86
546,12,2.92
547,16,2.56
548,10,2.5
549,13,3.23
550,15,2.93
551,20,2.9
552,20,2.6
553,15,3.53
554,13,2.69
555,6,2.5
556,19,3.37
557,5,2.2
558,16,3.38
559,13,2.23
560,14,2.86
561,5,3.6
562,16,2.56
563,9,3.22
564,19,3.63
565,15,2.33
566,15,3.47
567,10,3.5
568,6,3.67
569,19,3.05
570,16,3.25
571,19,3.63
572,15,2.73
573,20,2.9
574,5,2.8
575,9,2.78
576,6,2.33
577,20,2.8
578,17,2.82
579,6,3.83
580,7,3.0
581,15,3.0
582,16,3.12
583,16,3.06
584,10,3.2
585,5,3.0
586,18,3.0
587,18,2.61
588,9,3.33
589,17,2.94
590,15,3.13
591,20,3.05
592,10,3.9
593,12,2.75
594,15,2.93
595,18,2.72
596,5,2.4
597,15,2.73
598,8,3.12
599,10,2.5
600,11,3.45
601,5,4.0
602,17,2.59
603,16,3.19
604,13,2.85
605,13,3.38
606,8,2.62
607,10,3.5
608,10,3.1
609,16,2.75
610,15,2.93
611,15,3.0
612,20,2.95
613,12,3.0
614,9,3.0
615,13,2.62
616,9,3.67
617,5,2.0
618,15,3.07
619,18,2.72
620,13,3.31
621,7,2.71
622,17,2.06
623,19,3.26
624,10,2.2
625,20,2.8
626,17,2.88
627,13,3.54
628,16,3.06
629,9,3.67
630,12,3.0
631,5,2.6
632,20,2.85
633,6,3.67
634,9,2.89
635,16,3.06
636,20,2.95
637,8,3.75
638,8,3.62
639,14,3.21
640,8,3.12
641,16,3.19
642,5,2.4
643,5,3.2
644,14,2.71
645,15,3.4
646,11,3.27
647,17,2.94
648,14,2.71
649,11,2.91
650,9,3.22
651,10,3.1
652,17,3.65
653,19,2.79
654,8,3.5
655,11,2.82
656,20,2.85
657,16,3.31
658,7,3.29
659,5,2.8
660,19,3.21
661,15,3.2
662,20,2.5
663,18,3.5
664,10,2.7
665,5,2.2
666,19,3.11
667,15,2.67
668,13,3.23
669,15,2.53
670,17,3.41
671,17,2.71
672,7,2.86
673,7,3.57
674,6,3.67
675,6,3.0
676,6,3.67
677,6,2.83
678,8,3.0
679,15,3.0
680,10,3.0
681,10,2.8
682,11,2.36
683,19,2.95
684,5,2.0
685,18,2.56
686,19,3.37
687,10,2.5
688,20,3.05
689,6,3.33
690,9,2.89
691,6,4.0
692,5,3.0
693,19,3.05
694,7,2.86
695,10,2.7
696,6,3.5
697,15,2.93
698,7,4.14
699,9,3.44
700,20,3.2
701,14,3.36
702,15,3.0
703,16,2.81
704,7,3.57
705,12,3.08
706,15,3.2
707,7,3.57
708,17,3.59
709,12,3.33
710,17,3.18
711,7,3.14
712,19,2.16
713,19,2.84
714,19,3.37
715,7,2.29
716,8,3.12
717,13,2.62
718,10,3.1
719,10,2.8
720,8,3.0
721,15,3.27
722,15,3.27
723,8,3.62
724,18,3.33
725,17,3.29
726,10,3.2
727,7,3.0
728,19,3.05
729,18,3.39
730,18,3.61
731,5,3.2
732,11,3.45
733,20,2.55
734,8,2.25
735,6,3.33
736,5,2.4
737,18,3.17
738,18,2.78
739,11,2.82
740,5,3.8
741,20,3.05
742,11,2.91
743,8,3.88
744,18,3.56
745,9,2.89
746,7,2.29
747,7,2.29
748,7,2.57
749,18,3.33
750,13,2.54
751,20,2.95
752,18,2.61
753,9,3.44
754,17,2.82
755,19,2.63
756,20,3.15
757,16,3.0
758,19,2.58
759,18,2.78
760,10,3.4
761,18,2.28
762,11,2.18
763,8,2.62
764,11,2.82
765,12,3.33
766,13,2.77
767,13,2.38
768,14,2.79
769,9,2.33
770,7,3.0
771,10,3.1
772,10,3.2
773,17,2.82
774,14,2.5
775,15,3.33
776,20,2.9
777,10,3.0
778,10,3.0
779,9,3.0
780,16,3.31
781,18,2.5
782,8,3.25
783,15,2.47
784,16,2.62
785,12,3.33
786,14,2.71
787,18,2.89
788,19,2.74
789,7,2.86
790,18,3.44
791,19,2.68
792,17,3.35
793,14,2.93
794,11,3.09
795,11,3.27
796,20,2.85
797,9,3.33
798,20,3.05
799,18,3.06
800,9,3.56
801,19,3.05
802,18,3.11
803,9,2.56
804,17,2.88
805,16,2.69
806,18,3.22
807,13,2.85
808,10,3.2
809,5,3.0
810,20,3.15
811,7,2.71
812,9,3.0
813,13,3.23
814,9,3.33
815,6,3.17
816,12,3.08
817,7,3.0
818,14,2.93
819,9,2.67
820,20,2.95
821,20,3.05
822,8,3.12
823,14,2.43
824,6,1.83
825,15,2.67
826,19,2.84
827,18,3.11
828,7,3.14
829,9,3.0
830,14,3.29
831,14,2.71
832,15,3.0
833,10,2.3
834,8,3.25
835,18,3.11
836,6,2.83
837,15,3.0
838,12,2.75
839,12,2.08
840,19,2.95
841,10,2.9
842,12,3.58
843,8,2.38
844,16,2.81
845,8,3.12
846,6,1.67
847,13,3.15
848,11,2.36
849,12,3.75
850,12,2.33
851,12,3.58
852,14,3.64
853,6,2.83
854,7,3.71
855,18,3.06
856,9,2.67
857,10,3.3
858,15,3.07
859,18,2.67
860,20,2.75
861,5,3.0
862,9,3.67
863,7,3.43
864,13,2.38
865,5,3.0
866,18,3.0
867,13,3.08
868,10,2.8
869,11,2.82
870,13,3.46
871,8,4.0
872,7,2.86
873,15,3.0
874,10,4.0
875,6,3.5
876,16,3.44
877,18,3.17
878,15,3.07
879,19,3.32
880,16,2.56
881,20,3.25
882,16,3.0
883,6,2.67
884,15,3.0
885,12,2.17
886,12,2.83
887,9,3.44
888,15,2.87
889,18,3.33
890,14,2.86
891,15,3.27
892,7,3.43
893,20,2.7
894,12,3.75
895,11,2.73
896,15,3.13
897,8,2.62
898,15,3.4
899,7,2.71
900,7,2.43
901,6,3.67
902,17,3.06
903,12,3.33
904,12,2.83
905,20,3.3
906,12,2.83
907,18,3.78
908,10,2.9
909,8,2.75
910,5,3.0
911,16,2.44
912,11,2.82
913,12,3.33
914,14,2.29
915,17,2.53
916,5,2.0
917,12,3.08
918,16,3.31
919,5,3.2
920,11,3.09
921,15,3.4
922,13,2.77
923,14,2.93
924,14,2.79
925,18,3.56
926,8,2.88
927,6,2.67
928,11,3.0
929,8,2.38
930,10,3.3
931,15,3.53
932,19,3.32
933,20,2.5
934,15,3.07
935,6,3.5
936,14,4.0
937,10,3.5
938,17,2.59
939,9,3.33
940,19,2.74
941,7,3.43
942,12,2.75
943,7,3.29
944,19,3.0
945,18,2.61
946,17,3.47
947,8,3.0
948,6,3.33
949,5,3.8
950,6,3.33
951,7,2.71
952,12,2.92
953,18,3.28
954,18,3.22
955,12,2.25
956,14,2.93
957,8,2.62
958,6,2.83
959,12,2.75
960,6,2.33
961,19,2.79
962,12,2.5
963,18,3.78
964,11,2.64
965,10,3.7
966,19,2.89
967,9,2.67
968,7,2.14
969,10,2.5
970,10,2.3
971,7,2.71
972,9,2.56
973,20,3.45
974,18,2.56
975,7,2.57
976,17,2.76
977,6,3.17
978,14,3.14
979,9,3.33
980,6,2.83
981,14,3.14
982,16,3.12
983,17,2.71
984,10,2.8
985,11,2.91
986,16,3.62
987,10,3.4
988,11,3.0
989,11,3.36
990,19,3.16
991,18,2.61
992,13,2.62
993,10,3.2
994,13,2.85
995,15,2.53
996,14,2.14
997,12,2.92
998,14,3.21
999,14,2.64
1000,19,2.68
