movie_id,rating,votes,runtime,release_year,revenue,genre
1,8.904038173405022,50325,127,2016,332.6210454012387,Horror
2,2.718869227021097,79940,83,2019,181.2800479383662,Horror
3,7.426718407392034,36207,135,2018,218.05765443913222,Horror
4,1.1349242873662235,37539,166,2020,391.7534383531009,Action
5,2.321661312242382,79798,120,2016,12.733754600373913,Drama
6,2.4170414868566845,15530,84,2011,37.209561902543896,Comedy
7,6.063999423713598,54592,161,2018,431.30424367655615,Action
8,5.746090845784552,18558,176,2004,113.76822621297427,Sci-Fi
9,2.7542216604844625,57485,179,2024,397.2161334172057,Comedy
10,1.3369722477072585,70647,116,2019,258.5765695370655,Drama
11,9.669137931779758,42303,136,2014,203.91593955018243,Drama
12,5.083656624142712,40872,120,2023,266.44884228941226,Action
13,9.325744559554662,81747,121,2015,234.0700655372123,Comedy
14,3.8458236361424047,87855,82,2019,165.70775875755487,Drama
15,2.69956610380314,50047,137,2000,141.61142113035459,Sci-Fi
16,1.7926168233310729,79126,83,2002,411.1946976526869,Sci-Fi
17,5.973325340720998,12935,115,2001,494.2231351569957,Action
18,4.043791732926889,13427,88,2005,442.3200031313783,Drama
19,4.719084209772822,11987,174,2015,341.33235267814507,Horror
20,9.061528309447146,66239,94,2003,92.09731728216316,Horror
21,8.771089606621265,91672,120,2010,9.706149756302233,Drama
22,2.8550236959385047,65286,133,2018,253.08412273835455,Action
23,8.938272375825921,89492,86,2008,162.2272154931833,Comedy
24,2.8296826299365736,22538,101,2022,273.89812613742276,Horror
25,4.025313564537543,68555,139,2021,344.84193364288615,Drama
26,8.983455011340691,75281,125,2013,244.91002089115668,Comedy
27,5.553546625717455,20440,90,2006,497.81531490398265,Comedy
28,9.469539742642468,49524,150,2022,37.465718473078404,Sci-Fi
29,1.8438018906314286,31448,95,2023,366.31343671881115,Horror
30,5.218398082518643,27809,167,2006,142.1283568297229,Horror
31,3.962052463870704,19834,118,2016,495.63831112708505,Action
32,8.563761129691166,33775,148,2012,331.4342744113526,Action
33,7.516827495462857,87662,85,2011,64.0379184629586,Comedy
34,1.9430042369022238,93098,176,2011,391.4770324545334,Horror
35,6.362647846152545,30140,157,2002,115.88011666555217,Action
36,7.291737984072913,58229,112,2009,151.09211862906625,Sci-Fi
37,3.7908496297248773,32335,109,2021,296.4546195092676,Drama
38,8.861133822048583,24712,151,2003,461.23819272638093,Action
39,9.344804643034674,24862,124,2023,234.74885893184916,Sci-Fi
40,5.270773968943228,66477,124,2000,19.819376006602113,Drama
41,1.0594192816994785,39158,101,2003,321.6262475478181,Action
42,3.3595375198876978,15816,100,2015,385.2667864032903,Action
43,5.910794640027737,86088,102,2012,123.05330619581126,Horror
44,1.452511472839762,18008,160,2001,264.3973325575015,Comedy
45,1.5259366072669387,94599,104,2014,112.64948279509534,Horror
46,7.6742370788963035,91008,92,2002,477.29883804151643,Action
47,9.964426028506963,63782,175,2021,397.3432864667897,Action
48,7.570809963165269,12482,176,2013,254.76168397503722,Sci-Fi
49,7.785744554069427,6744,172,2010,167.9389659091683,Sci-Fi
50,1.6058919573498178,98674,177,2011,434.9856412594316,Action
51,4.71449126644576,26392,95,2018,389.5391644760871,Sci-Fi
52,9.499049425487268,35105,123,2004,291.62473999128116,Action
53,1.0022738558773892,93204,158,2006,73.02467623026773,Comedy
54,7.208680516962665,56948,161,2013,220.28412642916535,Horror
55,9.789121344921314,18604,117,2012,118.48642550978519,Comedy
56,7.840204507986464,40133,111,2013,406.83380618836816,Drama
57,7.563407765221275,87413,93,2007,309.2017313154728,Action
58,9.73420122887599,13304,149,2019,219.19319007626925,Horror
59,7.68944640252184,99867,104,2012,252.5334686253521,Action
60,5.589869910761288,7891,162,2009,340.9279561440614,Drama
61,2.40014119016365,33957,143,2013,167.78009238418,Sci-Fi
62,6.5690901064447065,4296,88,2009,337.4783234694579,Comedy
63,1.0964769189312236,8094,146,2015,432.6874759012867,Action
64,4.120087456089125,60444,102,2004,114.30621805048001,Horror
65,7.1731015167338725,91950,129,2008,184.62067490019456,Comedy
66,3.4031346328098446,19875,176,2020,83.7209609213934,Action
67,6.609937358074639,86508,180,2003,493.469456600916,Comedy
68,5.068510769112643,84734,152,2006,413.8995361061385,Sci-Fi
69,9.982411090439676,70228,143,2020,77.72332651383437,Horror
70,3.1932144415673567,90158,163,2023,183.96564268013526,Sci-Fi
71,1.1202173501679016,66196,149,2018,182.54730189637954,Horror
72,2.3611865362210587,73204,135,2012,70.55181787584661,Horror
73,2.7670148196812665,77415,110,2003,181.86360028251315,Comedy
74,3.2598253410052513,91915,148,2011,169.30658122208382,Sci-Fi
75,4.155421854390776,47174,153,2009,496.72153854919236,Sci-Fi
76,5.781609451322209,39297,169,2014,59.122378713104474,Horror
77,4.449600113116613,89693,103,2025,400.0607325469313,Sci-Fi
78,3.5455230519023466,51420,95,2020,198.4445406035304,Horror
79,3.5956695736493796,58314,106,2008,432.09574971681394,Horror
80,9.63460538634778,57833,100,2017,116.86649770948526,Comedy
81,1.6583556758747275,99147,101,2005,271.87781199284973,Drama
82,1.1657461665596875,80722,136,2006,204.90205157498252,Drama
83,8.995505092117991,45454,173,2017,113.02368408270146,Sci-Fi
84,4.295775175922532,56465,148,2008,47.03421640891761,Action
85,2.2874892163424385,328,123,2008,87.28520639185861,Drama
86,8.591175031560109,23654,105,2010,341.58048838015446,Action
87,8.348263950944634,72060,124,2009,181.40070517931647,Horror
88,9.533274336047459,11883,178,2016,153.49287145550798,Action
89,3.2229025135248395,22791,112,2004,446.59366903846865,Horror
90,1.2658241811471913,40203,160,2009,455.961975341957,Action
91,2.36487279226466,32471,100,2025,97.26435463129494,Horror
92,7.40970337557911,41646,169,2025,190.38753395139307,Comedy
93,3.83026020542588,80292,156,2015,472.0045632405623,Horror
94,6.856921227049244,71778,131,2014,490.36555500463413,Drama
95,8.199076831551052,52317,138,2012,96.36502996472974,Sci-Fi
96,7.661530069028649,28997,104,2007,134.2659378970272,Comedy
97,6.551286612374507,43732,143,2003,233.59941102077178,Comedy
98,2.9636441421425244,39667,117,2006,396.7631817072493,Drama
99,7.849447850505737,46519,122,2019,488.8988433591549,Drama
100,9.198578498759353,23024,177,2009,4.283178831343273,Sci-Fi
101,2.472503800191074,93064,80,2001,115.5237380539037,Drama
102,5.071902952756993,440,83,2010,255.18002712884459,Comedy
103,9.803334837967405,92693,159,2003,444.23579858964183,Horror
104,9.799216543573484,2553,110,2017,68.2103192602179,Action
105,8.734798452140476,76162,147,2021,138.88629945396053,Comedy
106,6.462182517850244,96903,156,2024,443.79878878675214,Action
107,9.07175752130259,57679,151,2018,180.75857315328255,Comedy
108,3.761993131391814,50110,107,2006,308.62871810190876,Comedy
109,7.983028473130567,92174,136,2005,28.70959959507523,Sci-Fi
110,6.901445011170315,44047,102,2005,441.27797498978583,Sci-Fi
111,1.1622755400666764,95508,117,2005,451.5377753962065,Action
112,8.57639651033778,42298,145,2024,255.5604717665965,Horror
113,3.2977789106818185,73085,179,2000,154.46137566379,Sci-Fi
114,1.8564544518817105,32342,105,2023,4.802680388961928,Action
115,1.770820091478061,77559,147,2006,365.0727658608499,Comedy
116,5.350510994368357,71734,87,2018,199.33075041256174,Comedy
117,8.260761871906887,40757,161,2020,268.46205245482946,Action
118,2.664517391984127,26085,95,2014,446.7533977353377,Comedy
119,5.164309468045364,55001,132,2018,449.7605546359055,Drama
120,3.1874377127783737,75376,138,2001,408.5585579737944,Sci-Fi
121,9.207619461631001,45062,161,2006,330.6375787558284,Sci-Fi
122,3.456045668988961,36870,132,2011,499.47162734008276,Action
123,1.675942553131514,78173,93,2017,318.79189077316494,Comedy
124,9.141762650944406,6101,86,2021,159.0986647689236,Drama
125,2.742854929080009,84189,180,2014,202.5136975885701,Action
126,5.108952702055933,24173,158,2001,13.638369869168647,Action
127,4.678779890507613,85641,101,2025,291.73262015311093,Horror
128,1.1886161557011494,18008,84,2017,488.75455849044135,Action
129,4.205920129929607,91894,95,2022,469.43710302605905,Drama
130,8.904753357715823,23520,152,2013,44.64146421670126,Sci-Fi
131,9.45715119251599,35844,151,2000,314.0310559361529,Drama
132,5.702927342790615,50657,135,2016,423.61502420833375,Comedy
133,7.36875066041556,97865,130,2001,262.7558826078072,Sci-Fi
134,6.2902282444332425,50767,134,2010,393.4595926124772,Drama
135,2.8485455516288645,21011,146,2018,17.36634246585524,Action
136,3.7614538472018233,14002,124,2012,209.37051330227862,Horror
137,2.3388741485877964,5619,100,2011,307.3827242964516,Drama
138,5.27842249722869,94078,145,2023,151.5793982524696,Action
139,3.065551103764014,12994,107,2016,426.62501707092434,Comedy
140,1.9987191865112957,51404,108,2022,20.28267890205691,Horror
141,9.051279243984524,6761,112,2016,375.21889189515525,Action
142,5.208222194829586,45471,129,2018,295.3541067290709,Action
143,9.156818866251902,86016,98,2024,375.7816841618556,Sci-Fi
144,9.051994746645686,60297,99,2003,475.8138849851546,Horror
145,9.761008746122346,30786,108,2012,435.86002960845497,Action
146,4.532558573476316,69804,119,2022,467.0712437416295,Sci-Fi
147,5.834418444204497,89198,86,2004,87.21635619503775,Drama
148,9.880831049894443,81316,167,2016,274.19817503991743,Drama
149,7.127047044267531,22903,91,2013,199.6499421533132,Action
150,4.74096343101017,53119,103,2019,138.60089711175175,Comedy
151,2.272199042847068,67558,150,2021,324.0687087366467,Drama
152,4.026994321279652,31325,135,2019,81.36571448205726,Horror
153,2.830929949002468,43032,174,2009,218.68076595039855,Horror
154,4.9093629452317025,10769,138,2010,341.06797304517033,Sci-Fi
155,4.388306223608123,32376,86,2002,71.62717026341731,Drama
156,3.135217719664398,53338,84,2001,288.87249236377005,Drama
157,8.097736463274229,11643,127,2007,155.5166629062129,Comedy
158,8.224140652111743,4346,107,2002,449.0770474199687,Drama
159,8.216844832189363,42088,158,2023,52.03279351329503,Comedy
160,3.0396930114603924,35728,99,2006,6.229829837618941,Horror
161,8.084567913287296,27281,81,2009,478.36084728398447,Action
162,4.448951878671998,61449,149,2023,235.42442265206705,Action
163,8.24735779989485,23602,107,2020,307.5670572246882,Action
164,9.823174487642392,85832,179,2023,426.4604391886529,Horror
165,4.5986664706753615,92185,87,2020,473.9032340444833,Sci-Fi
166,2.829705394153891,912,139,2004,359.9894406246667,Comedy
167,3.622313357293968,96326,116,2019,426.04509264955925,Drama
168,2.728320008012919,83702,100,2023,447.00090706614816,Action
169,6.563732584793555,46778,162,2015,236.129049263214,Drama
170,9.297735870698128,66754,135,2001,186.2153367647763,Sci-Fi
171,3.4215576342206493,10857,137,2002,348.9776124405569,Comedy
172,1.3310077385753076,23479,141,2025,21.85285109529185,Sci-Fi
173,3.9433194626199732,71439,112,2017,139.20081581986875,Drama
174,5.670811035022457,75593,114,2017,326.12009144342085,Horror
175,4.980289509723802,70184,97,2005,107.44278946493999,Horror
176,4.456101865190293,33840,97,2016,37.604233977361304,Comedy
177,8.601710110587472,1850,133,2016,435.45050480608626,Drama
178,5.374768480127798,23495,94,2019,424.66066049328015,Action
179,2.6754381448808995,80168,163,2000,15.40223231744948,Sci-Fi
180,5.320539123014457,6140,96,2010,165.8752958321847,Sci-Fi
181,3.795563215697478,92597,167,2004,10.55403066966432,Sci-Fi
182,3.094574804325755,92147,88,2009,434.2327680775268,Action
183,2.0073515879086514,26813,176,2013,32.19188557279901,Horror
184,1.6027757091880472,10118,167,2012,26.612123443268317,Horror
185,7.794273052496375,89483,140,2002,65.44312042911605,Action
186,6.008543852648719,77584,104,2014,184.99864020085838,Drama
187,5.229280470912354,80449,82,2008,142.21553828332904,Action
188,5.788896631596176,42785,107,2012,229.31901510529732,Drama
189,2.4734356063028655,24141,158,2023,176.26606830507902,Comedy
190,4.530561365511009,83320,124,2014,369.3665896272107,Horror
191,3.283752472635357,81673,160,2005,372.44544922885495,Sci-Fi
192,4.691398183191339,95544,180,2024,146.00169370457667,Action
193,3.302319172785387,39372,147,2006,128.91495033605355,Horror
194,8.797973181556852,44337,180,2004,164.3032200628473,Action
195,9.009605795079295,70167,90,2003,232.8251704851908,Comedy
196,4.534238928376103,15059,132,2020,7.013911136930747,Horror
197,1.4486416729918545,3644,112,2001,125.15747988169855,Horror
198,5.481768892468143,634,116,2005,116.52310948691299,Drama
199,5.674836773752965,24561,108,2004,321.3043050495371,Comedy
200,3.8236081324518536,90946,107,2006,111.98966896631109,Drama
201,4.49598258218501,86095,129,2017,477.9265810428216,Sci-Fi
202,2.998099138651399,25873,144,2023,208.87963359109918,Action
203,6.029300333043286,13869,162,2024,467.7609642076733,Horror
204,2.9162164357176112,2495,120,2002,290.5750390056797,Sci-Fi
205,9.250786566729028,3989,125,2005,38.38713995345388,Sci-Fi
206,7.541633717497125,29513,143,2009,265.5891750773481,Comedy
207,6.863007877346988,27673,157,2005,410.0279859922585,Action
208,2.685901465112242,60937,139,2023,220.14698313815663,Drama
209,3.2070355980879865,14591,128,2025,454.0164132390808,Sci-Fi
210,1.1189629975048772,78391,171,2014,333.8943801374656,Sci-Fi
211,5.024657009649756,71522,113,2019,74.05080235861554,Drama
212,4.746189808408633,12534,100,2007,240.29080404279048,Drama
213,9.872717999344617,43394,93,2015,56.127222771263405,Action
214,1.2889963279739147,30380,109,2018,63.67468291846467,Horror
215,1.32446647637451,3654,169,2025,16.627724632279747,Drama
216,5.397059314125264,37078,119,2018,336.4416801844552,Comedy
217,7.0597419051386066,66917,96,2016,434.09255688608204,Comedy
218,2.693383231652409,98485,119,2023,281.02687028048337,Comedy
219,9.289561254330597,5861,148,2025,248.0294660322287,Action
220,5.143193268948114,6131,113,2016,137.2243439046532,Horror
221,6.093264805572411,5342,82,2024,23.287742441634087,Comedy
222,8.908488095004053,33322,116,2013,332.48325945366213,Sci-Fi
223,3.8462331570878514,57509,166,2013,246.15947366846785,Horror
224,7.092231914789509,26078,90,2006,175.99848212417905,Action
225,3.2726097789799002,53496,173,2020,261.702536029974,Comedy
226,1.941435826553393,59250,84,2010,8.843840085411948,Horror
227,7.084380925122614,39839,107,2000,189.71163903732167,Comedy
228,4.1266824255478465,72068,106,2020,98.28173302367313,Drama
229,6.478354404536255,56113,140,2006,289.668672495185,Action
230,1.2840554252756982,71253,153,2015,398.3571728656595,Drama
231,1.4451776196868702,69817,91,2008,326.0571951299072,Sci-Fi
232,5.069780060479225,37648,97,2012,416.63093276839993,Sci-Fi
233,7.409856003993788,84108,123,2006,207.68230821650462,Comedy
234,7.927735114916012,68179,133,2025,179.4214151999982,Comedy
235,4.6927854709308345,13489,98,2025,31.942515779729703,Action
236,6.311768489575326,26562,136,2018,371.205429899051,Sci-Fi
237,4.123563870516447,18822,110,2019,337.35863578653573,Drama
238,5.88535398117192,83992,180,2022,8.944331595953965,Drama
239,8.652536365451637,18205,176,2009,88.13047384535595,Horror
240,5.506491972998673,11885,168,2011,429.90275241373666,Sci-Fi
241,1.702988496024322,33378,98,2004,176.6375670365473,Action
242,7.677031704432817,17618,137,2016,233.71141719186235,Drama
243,4.154897732420183,27887,163,2000,497.35294414585667,Comedy
244,8.364311921737864,81392,178,2003,289.85132734176347,Horror
245,7.7401148495024,63538,85,2018,361.44214627451385,Action
246,7.298444872878947,82488,100,2020,415.6119256821011,Drama
247,5.007003039504066,52072,116,2001,189.9289562174977,Action
248,3.5696794202653557,78249,118,2010,443.36829298123746,Action
249,6.6263003447522255,23671,132,2009,280.5618216679821,Comedy
250,4.5378037229148935,3706,140,2010,138.55314478106473,Action
251,9.006083770403873,36847,103,2013,399.75547033432406,Sci-Fi
252,8.152663332362943,97196,177,2000,269.62672342432273,Comedy
253,3.1871844593273657,48607,161,2005,480.77389912957364,Horror
254,9.874461739538816,83211,96,2010,124.67086999287746,Horror
255,9.749486086873125,86396,163,2003,55.94509455921215,Horror
256,2.7341575452798996,84742,137,2006,219.43870354688468,Drama
257,1.5443296147190848,40835,113,2022,241.54163434400246,Drama
258,1.4331254494344654,55821,102,2001,95.64128802699268,Comedy
259,9.993278700988329,10868,132,2005,364.3430356351518,Drama
260,5.396615633014524,71909,102,2024,113.41939566643946,Comedy
261,3.657982778220057,7319,144,2015,465.00449295396237,Comedy
262,9.883842322193399,50514,92,2019,199.89096313202597,Horror
263,1.2405004399138682,20166,171,2012,60.33090870557425,Sci-Fi
264,7.247156815730032,90024,177,2006,290.9275792832898,Sci-Fi
265,4.249267219487863,20866,142,2024,155.31449346845847,Horror
266,2.1256712618729057,91066,151,2025,385.23370655252546,Action
267,4.1491553308375915,80297,128,2016,291.9613998548648,Drama
268,6.045192417114829,91815,120,2019,22.362120323770473,Comedy
269,5.9692735622373,87306,163,2013,94.77526016938383,Comedy
270,1.0599046041979805,63500,110,2019,307.4467196158834,Comedy
271,2.314512071591348,52133,119,2001,461.0471866057699,Drama
272,3.947576165219109,47440,171,2007,191.98260431856897,Action
273,3.133040766468387,91452,113,2003,11.582176979446318,Sci-Fi
274,3.1864276076128757,37071,84,2023,160.36386733449297,Drama
275,9.925862858383994,19551,158,2001,265.96095647093347,Sci-Fi
276,1.1177392080199804,6389,101,2006,287.54149832100865,Sci-Fi
277,8.360760959971637,93504,89,2024,302.8025957795488,Comedy
278,8.766876790483575,1239,119,2006,286.7234368337943,Action
279,4.419398827066097,33539,119,2021,320.5983336269875,Horror
280,7.508084436159415,53033,97,2016,303.3196522720355,Sci-Fi
281,8.967523565139993,95657,94,2025,488.22782549228543,Horror
282,5.735512910110382,7407,132,2013,490.1584942822807,Sci-Fi
283,9.254997611302759,81511,101,2018,427.32067487516815,Action
284,1.2440555110205231,4404,150,2011,95.24042043534465,Sci-Fi
285,4.955789528809076,58469,120,2011,18.422315293836885,Action
286,5.634137238133691,83291,162,2002,259.8588359271779,Sci-Fi
287,5.306771690985646,74630,175,2012,380.09068768469945,Horror
288,6.037903690318033,9779,155,2025,498.068922482668,Horror
289,8.161726719435935,15005,127,2002,56.19292209901678,Drama
290,6.652494155608265,57610,100,2023,317.1788758470382,Sci-Fi
291,8.241252470292316,27127,142,2010,497.6170829932124,Sci-Fi
292,8.55938634213674,88144,155,2015,17.055285049493918,Sci-Fi
293,8.175206830924601,60661,168,2013,433.20110254448707,Comedy
294,3.061337403807773,41792,123,2024,13.11747712260244,Comedy
295,6.856268248589738,80982,139,2001,394.11621790433117,Action
296,3.265981652308362,38068,127,2015,327.519138669628,Action
297,3.3085821263929818,61997,155,2010,446.14565345371545,Horror
298,7.776094565586205,38539,165,2015,291.7729412199969,Comedy
299,1.4441888874760882,7264,141,2008,104.78491582798497,Drama
300,3.778433265862494,10236,174,2020,347.12010813791443,Action
301,3.92716099164642,69620,165,2013,483.469937912226,Horror
302,9.897242470880173,2104,155,2015,496.7096294806393,Action
303,9.246750636254966,60116,98,2018,495.3887321225794,Drama
304,4.821772096174964,65425,99,2004,433.6541186769683,Horror
305,5.501628842819407,11357,136,2011,305.63413098728336,Action
306,1.2619939353341953,89051,145,2001,59.31867186335401,Action
307,3.840719656623345,74945,129,2003,100.51705819697318,Comedy
308,4.094509097895606,90928,135,2011,484.10433869369507,Comedy
309,2.8194589990436736,72774,174,2016,61.068979512798734,Sci-Fi
310,7.6127591290142735,61088,114,2002,451.45740946396745,Sci-Fi
311,7.148229477098679,39798,91,2022,224.9015327328341,Comedy
312,9.74895285863539,44565,114,2021,309.80467929807367,Sci-Fi
313,4.520168710247919,70842,89,2015,82.29374609900307,Drama
314,3.6125148073818636,71587,106,2011,312.94997434436897,Action
315,1.0982647598084476,32606,136,2023,277.4136440209062,Sci-Fi
316,3.3250357792502654,58946,159,2020,30.68135353194169,Horror
317,1.2637981853460325,47758,147,2000,491.3118837078682,Action
318,7.367564531549598,96503,135,2020,235.73053726296152,Action
319,3.1849795251905197,73807,104,2006,95.38823015936978,Drama
320,7.79394040353708,29293,110,2019,78.23309759390133,Drama
321,3.0467218121146766,73138,129,2010,206.82595560822955,Action
322,1.3223051971873656,40061,107,2011,460.3618437741413,Action
323,2.9557963882067297,73333,120,2020,433.1557093614577,Drama
324,6.60294493744165,31955,124,2018,31.975495448894133,Action
325,2.8009496529468447,65662,163,2020,365.1572574191787,Drama
326,5.090804254976932,3775,153,2005,315.7825449449643,Drama
327,2.0867833736203174,68843,154,2014,131.85958345538253,Action
328,9.872216245054997,74905,147,2012,222.21604816745756,Sci-Fi
329,8.948196861122632,54412,129,2000,92.93725406243433,Sci-Fi
330,1.622768443374087,50453,134,2011,368.2245054111178,Drama
331,5.814917966925146,64265,92,2004,277.0026587883501,Comedy
332,4.787689098624515,63329,165,2008,16.060081924628935,Sci-Fi
333,7.575283524177427,70874,154,2014,399.5949940406383,Action
334,1.0912134819839712,32623,145,2024,252.5352062490016,Sci-Fi
335,6.797884784572574,73279,173,2004,101.28772121677594,Action
336,3.9916964666436185,56385,148,2002,375.52578905779694,Sci-Fi
337,6.941785371963036,46776,87,2003,266.5064230611571,Horror
338,1.3298507314149892,82969,88,2004,94.45721895036743,Comedy
339,5.682145954516619,74820,104,2010,248.8909970385267,Sci-Fi
340,4.092585614673872,85272,119,2002,464.82334931618885,Horror
341,7.418464688397332,12879,86,2002,458.64360784548774,Comedy
342,5.651075153893724,81897,156,2012,39.86783655544673,Sci-Fi
343,3.1845729905351376,484,87,2015,28.200966471557503,Drama
344,6.932004077511641,31645,116,2020,407.34341362221045,Comedy
345,2.199125904781461,27687,138,2001,138.13877083889622,Sci-Fi
346,4.279242359550191,45275,90,2023,58.72014568857325,Sci-Fi
347,8.289677562277758,59456,171,2014,321.46350882386054,Horror
348,8.249665242149756,74900,107,2016,249.14320310994023,Drama
349,9.493498524581325,7838,96,2014,473.20280189153675,Sci-Fi
350,8.997096086049265,29125,91,2014,241.70455476554193,Horror
351,3.6594555543922827,45541,83,2008,402.93819359065367,Comedy
352,8.8723755536001,44665,90,2020,234.891234098991,Horror
353,6.724535341676303,27067,139,2016,172.23896000074885,Sci-Fi
354,9.768755815813906,10261,138,2004,279.663658799895,Comedy
355,3.3889268188107646,714,103,2012,413.8251580053781,Action
356,5.4530589916189305,87246,128,2001,273.2943515843732,Horror
357,9.652435758622678,32875,107,2025,358.2304707622771,Horror
358,6.617882884059842,76538,157,2012,264.89747669644106,Sci-Fi
359,6.955947468150816,27567,136,2007,66.16373627671703,Comedy
360,2.1052454510050795,51949,174,2019,419.99306982246907,Comedy
361,2.977231755061061,36499,160,2010,127.13949732703301,Action
362,3.2128520036529578,88480,80,2015,479.86429234780536,Drama
363,5.741847245332979,10936,118,2019,498.34861468313335,Drama
364,7.76340921694974,79712,113,2011,382.92954849898666,Drama
365,2.381482465189929,58862,176,2023,21.356060328701332,Drama
366,5.02483679655023,45869,173,2002,446.2335745142645,Action
367,3.0931356989574192,90522,145,2012,170.66943139463456,Horror
368,8.129063744399861,30318,120,2010,101.24312341986816,Horror
369,9.694448937632878,63113,173,2011,128.77758257096008,Horror
370,6.796721507956911,45998,135,2000,89.78689424423328,Sci-Fi
371,7.38901246926058,96838,101,2019,357.44397158718965,Sci-Fi
372,3.6024778404046724,79355,160,2004,137.0506145732338,Sci-Fi
373,7.036953555667491,26014,165,2011,417.808688278211,Horror
374,5.3309394676974655,83073,136,2009,37.189153269537776,Drama
375,8.80136396869625,16617,167,2009,159.2898378308045,Horror
376,6.776486687961295,2241,119,2024,355.9994422388366,Horror
377,5.563565777838235,19771,147,2023,361.58626276948814,Sci-Fi
378,3.6724216735052337,13659,125,2022,136.87410744995623,Action
379,5.810784417410144,89228,93,2000,57.42914841493232,Comedy
380,9.479359821064643,4242,152,2007,29.99996560206607,Drama
381,3.122871342972039,97967,87,2007,156.03708760958625,Sci-Fi
382,6.331601099556672,83895,93,2015,475.4284966038048,Sci-Fi
383,3.149228921049635,95255,88,2005,167.79549649875153,Horror
384,8.107870621940513,90074,106,2020,385.4162674972255,Comedy
385,5.34715369024477,87970,124,2016,342.74302221348324,Horror
386,8.752377292179169,97941,155,2013,486.198965706688,Comedy
387,3.9735620788336243,44396,154,2004,362.01105368059314,Comedy
388,6.846413419183626,56306,147,2024,208.52116165429163,Comedy
389,7.339272609821182,96328,145,2019,209.73450663726422,Horror
390,9.218897538273236,91305,118,2020,59.419792706456526,Sci-Fi
391,8.090863438852612,88110,113,2017,166.2185651879626,Action
392,4.423743808117156,25874,174,2016,14.141505313908215,Comedy
393,5.762604698529697,98306,124,2002,174.80104371900558,Horror
394,9.611099326815939,81472,156,2005,103.05054082804685,Comedy
395,4.8283462129308905,82972,113,2024,220.74216842032632,Action
396,8.313387253585521,82834,121,2004,168.25071123341252,Horror
397,9.216967653403197,52584,167,2002,33.478055327606725,Horror
398,2.757416716390474,70800,98,2023,282.9378110758167,Comedy
399,9.481308432276872,41081,113,2014,481.7812277272078,Drama
400,9.03486827269616,27328,124,2003,272.8023771927105,Comedy
401,9.598772022734767,49419,100,2003,460.6772905777702,Action
402,8.441698159150251,7134,156,2016,263.4053640077236,Comedy
403,3.1714080767472055,70883,151,2021,53.88647757175378,Action
404,3.4680224960936314,22306,162,2012,417.0929536434526,Sci-Fi
405,9.942976388775092,79758,127,2023,450.757572341815,Action
406,8.018593330481359,49702,90,2006,444.03613341354395,Action
407,5.1521510526931245,2369,166,2018,282.95865806909876,Action
408,7.084500383750255,38067,123,2011,200.1922440532116,Sci-Fi
409,3.943852664116225,76523,92,2009,439.745973064594,Sci-Fi
410,1.9867474913853025,76037,175,2005,121.70962192421025,Drama
411,3.3604077373791523,59097,154,2012,68.32166906354627,Comedy
412,3.282510694930491,41093,161,2009,19.660095813184405,Horror
413,4.6574525615096185,93265,156,2020,449.8302681941203,Sci-Fi
414,4.993203375303974,99295,112,2024,488.9246068080794,Drama
415,5.7978953362029815,70426,161,2002,146.87996148305368,Sci-Fi
416,5.993046897144739,59355,86,2016,340.0260304392,Drama
417,7.338780427349818,260,180,2016,299.1661400389076,Comedy
418,6.957907354867482,6023,135,2008,263.88292316217263,Horror
419,1.1502399601826427,99453,80,2011,182.6966740107061,Action
420,3.9232386008368567,87954,144,2006,387.4824746730535,Drama
421,6.5799882446486375,83233,112,2010,130.67274651345673,Sci-Fi
422,6.576253880302941,77203,178,2012,10.384749668250244,Horror
423,4.540699046395208,43044,101,2012,154.49762199527987,Horror
424,6.265493418388369,26185,95,2016,155.3374137556595,Comedy
425,8.579341927841309,92039,95,2020,138.42426183260272,Horror
426,1.7801639375034672,4981,168,2008,255.41022368464286,Comedy
427,7.62682344228218,12062,103,2021,235.41792681383828,Drama
428,6.172489173032025,89580,130,2004,318.76906149404493,Action
429,5.8661715111668045,56039,95,2013,253.50072118681635,Sci-Fi
430,2.1119175110477,36875,83,2012,258.941123948707,Action
431,8.801652959901608,13043,107,2012,295.70323374138314,Action
432,9.33163370258938,93221,160,2001,172.3921722186041,Sci-Fi
433,2.526595161679493,65278,138,2019,121.69040641678671,Comedy
434,4.3659107699036594,18704,139,2014,412.14744871642927,Horror
435,7.620386623419163,93493,113,2008,431.5573642199661,Action
436,9.034645615551819,10031,89,2004,428.4116552120189,Horror
437,5.347642200705818,39997,123,2007,430.924515367259,Action
438,7.360103963158248,17478,121,2007,235.50110068371163,Comedy
439,6.095425670132317,26868,156,2023,229.30707121211046,Horror
440,5.093895873180938,78151,150,2001,43.780711690986585,Comedy
441,3.2639294546010262,60167,144,2022,82.30688506455704,Horror
442,5.956245925153787,46466,170,2022,317.53655309215304,Horror
443,3.9473045505442483,11806,143,2008,428.7995926888853,Comedy
444,1.4192600871706635,26408,118,2025,69.17845843327375,Sci-Fi
445,9.662519824819892,55105,91,2011,66.04843657139823,Sci-Fi
446,8.079018777827567,6551,86,2020,191.82479232398498,Action
447,4.620423290464093,46222,125,2014,357.9283258947744,Action
448,2.3704507618374633,70071,109,2003,199.87630837720516,Sci-Fi
449,5.478956113394145,59019,154,2023,170.6597080930263,Horror
450,8.401161702586464,92540,93,2004,350.6823553381386,Drama
451,8.75509728707426,98049,146,2024,61.43398118123771,Sci-Fi
452,5.203267288470728,85817,165,2007,491.2369435734757,Sci-Fi
453,4.745432884397857,85047,148,2012,230.66203367244847,Action
454,6.5337220266625105,12450,158,2022,49.4843690698006,Horror
455,4.490157524186466,9111,120,2003,302.36203195195213,Sci-Fi
456,6.302972423185355,42470,106,2015,15.100959503304393,Drama
457,2.4133425843595178,64071,111,2010,55.79665405780717,Action
458,6.045690191548896,71201,123,2013,162.73843771390509,Horror
459,3.292783671723095,82262,107,2019,92.96604528851627,Sci-Fi
460,4.410833463209766,55921,174,2019,123.11489534644576,Comedy
461,3.3420156768983027,48242,133,2014,17.228354890609786,Action
462,1.5375830515726772,50183,105,2017,259.14389703803437,Action
463,4.045861616131086,43827,152,2024,205.6640378857246,Action
464,2.980735130010917,85928,178,2023,356.3256289601162,Action
465,6.609032422124486,27650,177,2009,65.3950943634848,Action
466,2.7692691834513563,57353,91,2009,339.7444951253274,Comedy
467,1.3528962776605131,9133,129,2008,299.2070920945748,Comedy
468,5.475893929628959,47993,148,2022,124.79232769098762,Horror
469,5.900440037108846,88797,168,2001,59.59289024262825,Action
470,3.1018886679731192,2082,142,2012,109.83860875276397,Action
471,7.990108013080089,30085,146,2014,166.01118698087507,Horror
472,8.898794732204061,77424,133,2011,397.97331351198164,Sci-Fi
473,4.164493969246549,30020,88,2019,432.0715169598191,Comedy
474,6.716785415896893,44352,124,2023,464.6628960091715,Drama
475,2.8253418207357717,7034,93,2019,481.6588258535181,Horror
476,6.412207353442929,74520,151,2014,269.98128305035965,Comedy
477,9.876459782319102,55707,160,2012,28.863428991473683,Horror
478,7.333113699149707,79690,119,2013,227.91910023179966,Action
479,5.658575711834059,86974,144,2003,264.82054133306644,Drama
480,7.779197632227708,94156,162,2008,35.57824054610833,Drama
481,5.381916594928838,27157,121,2004,268.7921596092026,Drama
482,3.334578568044875,82227,171,2001,201.49390529721674,Sci-Fi
483,9.109831257509954,71533,177,2010,150.0566869459951,Drama
484,8.081589370840021,702,167,2012,470.1170339031164,Sci-Fi
485,2.450618095356457,42515,100,2015,150.03988494577314,Comedy
486,3.9553147408016276,76012,124,2007,113.37937190304206,Drama
487,9.104586787694092,53389,118,2015,167.6095888812302,Sci-Fi
488,2.224025024656719,53472,123,2024,160.58447655756586,Action
489,7.023843783000513,42440,108,2015,482.78880014516415,Horror
490,8.154379820477416,60011,115,2000,73.2629189891883,Sci-Fi
491,1.3312788703164034,72066,118,2015,99.84398530705096,Sci-Fi
492,5.374367564806501,49812,96,2024,298.2258543069826,Horror
493,8.0836939393282,59731,99,2014,73.28562118024261,Drama
494,6.4814790966462885,63787,83,2012,380.4626702832192,Action
495,8.811195724689314,6533,100,2021,78.71180916075346,Comedy
496,4.7773002075405095,69787,146,2020,187.72873030092634,Comedy
497,1.1528528497907744,19039,139,2002,120.55412842312168,Drama
498,2.8180065760916837,55173,109,2003,401.2565077118686,Sci-Fi
499,5.272876302301598,84037,170,2018,328.66122674564434,Comedy
500,1.9546237892863005,87782,169,2008,484.7458024120144,Action
501,7.177093473986268,64430,125,2004,194.4987412688016,Horror
502,6.400335218560519,74976,136,2007,210.10851398428056,Comedy
503,9.18914445679496,39995,120,2016,462.5486345001452,Comedy
504,3.882517199382822,79745,134,2015,355.53881565791943,Sci-Fi
505,3.749997570003707,73561,113,2020,122.20809699382538,Sci-Fi
506,3.3117999957455173,66681,143,2005,122.62635990775101,Action
507,4.678059091323479,67944,81,2025,429.6790665550237,Sci-Fi
508,4.842303602265637,42748,96,2003,306.23364421248635,Sci-Fi
509,9.195583399112662,38901,127,2015,151.15141682538237,Drama
510,8.947181581708975,25384,83,2023,69.73449931603992,Comedy
511,5.3465735505713905,16669,159,2000,127.75293728767002,Horror
512,7.506695684898947,64447,164,2017,468.67425432552983,Drama
513,6.605094857162849,61767,131,2000,136.10291874044444,Comedy
514,2.45035486410119,61762,171,2018,476.4718031281235,Action
515,4.548227715709251,13864,173,2010,74.7319776113337,Horror
516,1.5812505980200373,31126,137,2015,245.98032430355525,Sci-Fi
517,3.919641688220494,47511,179,2000,303.4763494884178,Comedy
518,3.5346566802459276,62771,174,2011,340.86842810360645,Action
519,2.541637205276057,16335,126,2000,207.50885374814382,Drama
520,2.895956586442595,71459,160,2022,346.0489456104405,Sci-Fi
521,8.21401309638648,62102,103,2018,67.4564263534034,Horror
522,6.438429737081469,11859,145,2022,70.65898222171052,Comedy
523,8.396673830113883,5989,107,2004,281.7837103407659,Action
524,9.528011467418482,92448,94,2004,8.947022095972049,Sci-Fi
525,4.029094003844124,40334,118,2001,363.22053011339864,Action
526,2.22011470425054,85928,103,2020,440.5810861589143,Comedy
527,4.627703806894038,51584,175,2021,162.10474106583283,Drama
528,3.5199215797063954,72319,102,2008,63.42633200502505,Drama
529,5.999827713566027,27718,175,2018,34.45245173055517,Action
530,6.612753522273558,64206,170,2004,175.9722007954405,Action
531,6.184131324308665,56109,161,2010,198.33046506154596,Drama
532,7.0486864747300935,17506,100,2018,211.5952080779204,Action
533,1.7389884235034319,48058,138,2004,209.97881345184476,Action
534,9.222964547956341,29740,98,2013,129.4749597929651,Drama
535,1.378233851744861,99982,139,2020,420.5372849736561,Sci-Fi
536,4.211158300605449,4145,106,2002,261.4390750538279,Drama
537,8.774405460577409,88973,136,2019,460.87125766314864,Comedy
538,7.533984869399931,30148,114,2020,114.759649671815,Comedy
539,7.022847807856847,92906,158,2019,318.63047521725514,Sci-Fi
540,6.809666445033495,20077,135,2023,72.08316911148772,Sci-Fi
541,4.110766853906136,31857,153,2021,210.5696850896079,Comedy
542,4.588025883334088,68455,81,2000,217.1779180378199,Drama
543,3.5338964092805574,78712,121,2018,151.25388854762306,Action
544,2.5306129958839074,35259,127,2008,83.18520448348531,Sci-Fi
545,7.195270974248003,6655,133,2008,412.04977567861886,Horror
546,9.87866919895659,72294,168,2011,20.665761763873462,Drama
547,9.235840250513213,49636,170,2000,146.51243685507026,Comedy
548,8.19522424140962,20271,168,2006,375.89604996147153,Comedy
549,7.371923790791906,17345,118,2011,447.5412401565602,Comedy
550,4.4199871930349985,2162,118,2024,428.6541081218044,Drama
551,2.738562868116779,68494,133,2013,175.1558423949762,Action
552,7.036673931207447,92587,151,2017,354.57143979701,Sci-Fi
553,8.313883687321066,2505,170,2001,97.02239178176539,Horror
554,2.7960386210548105,89037,146,2004,450.940722901474,Comedy
555,1.5164262417061019,78254,141,2002,107.08080924358538,Drama
556,9.956199548412807,85044,153,2024,104.02453133252138,Comedy
557,5.147181346146558,56083,111,2009,100.40403282529333,Drama
558,4.032592681677155,20855,129,2021,394.46298832508126,Sci-Fi
559,8.069134677616127,41430,143,2006,132.36799232307902,Comedy
560,2.3007520905822156,12617,158,2014,325.80812908528316,Sci-Fi
561,8.328334450671413,80287,177,2023,431.0069657399464,Drama
562,1.582927026574517,17100,131,2012,43.31805549783144,Action
563,1.6394950837489626,67428,95,2000,458.6894185678277,Sci-Fi
564,3.8013413663646234,90003,97,2023,484.69059580373295,Drama
565,4.895394102360257,3488,93,2025,179.93435422737437,Sci-Fi
566,5.293179616083482,24787,162,2014,301.98920778606436,Sci-Fi
567,5.244375300043094,41558,144,2022,489.9571602669965,Horror
568,7.786198924204086,9589,128,2001,454.36245742794193,Drama
569,5.275261968645788,80792,104,2008,20.40918776220961,Drama
570,1.0845849616579342,11746,102,2012,338.4470441688968,Sci-Fi
571,5.718120379099388,95304,163,2014,115.55634045950876,Horror
572,5.851859524299315,47602,80,2005,128.10335555403407,Action
573,8.15866514001273,57502,167,2013,268.95217112613847,Action
574,3.1366300083371326,36560,106,2019,193.57526930591217,Comedy
575,1.8410990238702607,43051,130,2012,171.28147871716567,Comedy
576,7.949745247457996,10171,90,2014,353.26601922683494,Drama
577,2.2097520783265394,70053,114,2022,443.0102467164991,Action
578,2.6823709772695974,15228,113,2006,287.87999992790225,Horror
579,8.15754408665276,48731,154,2015,445.63552395141363,Drama
580,6.051805603274588,27680,81,2003,216.49674225212726,Comedy
581,4.605070169700636,98121,95,2007,375.5779639417904,Action
582,4.010623549940325,59881,142,2010,402.94307302349927,Action
583,9.967429071726071,40723,177,2008,268.00689061198926,Drama
584,8.65850514169575,43670,167,2017,93.67863873236921,Action
585,2.845558387551149,11672,83,2001,77.16431784994636,Horror
586,5.70988359924322,39977,170,2015,371.13942881913414,Comedy
587,1.65019574736754,98381,165,2009,467.61824428226925,Drama
588,8.132084526767128,47748,129,2023,101.30597030580846,Comedy
589,8.468189010614488,79861,120,2024,256.43224514098824,Sci-Fi
590,7.583140906280047,43288,117,2019,44.250909871490386,Drama
591,2.2034504460057747,56670,170,2009,363.3888339086813,Drama
592,6.003818492762811,65571,90,2014,410.5547902253938,Drama
593,4.106997725260972,17141,171,2013,27.470106104098342,Sci-Fi
594,1.5748501044676155,21327,177,2003,369.20622068505816,Drama
595,3.8816281789123646,14438,130,2015,424.9524866674638,Horror
596,3.081883979078808,51778,85,2023,196.18271672219666,Sci-Fi
597,4.029750675836127,87858,171,2022,98.2827276630215,Action
598,1.988415104707725,2634,81,2006,415.5332312934258,Sci-Fi
599,7.066949152340618,78511,167,2023,31.42318309302105,Sci-Fi
600,7.2168135655263805,98609,140,2004,369.67612905887495,Drama
601,7.271207569189314,89309,123,2008,225.6159127297046,Horror
602,4.204787328558971,84860,167,2017,124.09516096719021,Action
603,8.366407914675843,45849,147,2010,67.1560878412981,Horror
604,7.142723072348129,98508,137,2016,338.97406470288763,Drama
605,3.897851248996437,35008,168,2011,420.7166406936132,Comedy
606,6.566399077429196,75987,151,2018,424.0395681510651,Sci-Fi
607,2.7523882680313188,23737,148,2015,10.390213812201914,Comedy
608,4.175429874928216,62105,148,2018,183.29587000578093,Comedy
609,6.405097585761815,7360,96,2005,81.25877510678434,Sci-Fi
610,9.825141563167858,86013,124,2001,225.98785465544375,Sci-Fi
611,1.596735519602055,32205,114,2004,246.5196485176952,Action
612,6.594308005087165,2854,166,2012,75.64342092431863,Sci-Fi
613,7.726248131248003,74123,172,2009,285.1106470736057,Horror
614,3.5410870626007966,24141,116,2014,426.17616373289854,Horror
615,5.5150763168563595,10735,160,2012,6.1335935424890415,Horror
616,8.040471868955652,84094,138,2021,477.07738170458583,Comedy
617,1.1060456708530535,20931,87,2000,352.4385215161678,Horror
618,2.14588798573478,24619,163,2024,24.266600626454387,Action
619,1.0690170399681689,25084,143,2009,96.54373708551232,Comedy
620,1.0906779729229594,43077,168,2002,398.578037151893,Action
621,1.0726068865948113,1151,174,2003,6.499041705860924,Drama
622,1.6081178301501224,90974,157,2024,411.1402358793975,Comedy
623,5.559237299345271,82398,115,2020,338.4255979081781,Drama
624,3.2020877791859563,41552,153,2012,243.2701249925118,Horror
625,6.579459468001993,29443,86,2000,150.82918235483314,Action
626,5.420083733715379,73753,134,2018,132.25513947659886,Drama
627,8.65824707881751,25209,101,2004,255.199879696484,Action
628,5.140844473767379,17014,90,2022,206.62345098682903,Sci-Fi
629,2.924256598309535,25536,86,2006,38.19116506662561,Drama
630,6.839223497988058,58001,91,2001,18.578844131750742,Drama
631,1.113500570248204,7599,136,2011,211.89633591501587,Drama
632,8.85102021719204,29726,169,2015,1.6440329131754705,Action
633,5.699777158008942,71329,123,2024,448.3871430489869,Horror
634,1.590061001217053,36019,176,2020,239.0493630292988,Comedy
635,3.1716254736857756,17449,81,2017,431.1574850445493,Drama
636,6.240446747189397,52730,142,2000,232.06164262411315,Sci-Fi
637,5.567018585063599,1380,113,2002,458.38775461856017,Horror
638,9.882407619754616,47522,129,2006,151.73320780877876,Comedy
639,9.242656869756791,26069,114,2025,431.2458834913313,Horror
640,7.689452270553119,72540,97,2019,398.93531702489446,Action
641,7.753909521052247,17215,142,2002,222.44329953163526,Sci-Fi
642,2.6790862848636423,71839,137,2014,164.3864715286541,Comedy
643,9.711748040543272,10431,88,2018,142.4493290084166,Horror
644,1.960775355396974,55263,162,2017,337.9030490832591,Drama
645,8.377217162612832,32065,152,2009,437.18091670677137,Horror
646,6.205785446108498,36767,147,2013,214.83257823710167,Sci-Fi
647,9.355192730579398,33176,93,2025,125.85094433170617,Sci-Fi
648,8.400564004998238,73521,98,2014,446.1433034229951,Comedy
649,9.255089781750968,80946,127,2016,49.90139278710913,Comedy
650,3.2170408489874514,49269,89,2013,74.97227792984576,Action
651,3.864042607973703,42073,120,2002,200.0435660472197,Drama
652,1.8634552371979316,90366,91,2005,157.3128415679446,Drama
653,1.373217018595025,18636,115,2013,385.9779730913004,Drama
654,8.436133618756582,10870,106,2023,5.229000042341754,Horror
655,9.104757678648953,56508,100,2005,301.7397179123643,Action
656,7.657224214605158,98777,97,2010,451.65808986413424,Action
657,3.607573470600114,66040,95,2006,390.07107144594596,Sci-Fi
658,5.475517810880688,72956,137,2012,490.72773979466615,Comedy
659,1.527743620820055,60110,103,2024,408.1760229713077,Action
660,4.422044277928492,28472,115,2011,49.73813185803005,Sci-Fi
661,6.576448230389424,57205,80,2025,97.85844797204425,Horror
662,7.444879645288699,96530,141,2009,177.54133572717276,Comedy
663,2.2385481512938052,90467,147,2016,410.2237950695997,Drama
664,4.566263877093137,95853,95,2000,421.6313561878635,Action
665,9.171894622121123,40363,86,2017,381.7473432824978,Drama
666,6.85840041223466,59527,80,2013,164.18672088232086,Drama
667,3.838078382650006,82538,112,2005,458.450641620954,Sci-Fi
668,3.1387997650099404,24072,81,2018,258.19045320271965,Drama
669,8.268601338012163,74828,139,2020,76.19254010834216,Drama
670,7.178446737126019,64496,122,2019,408.96202775286673,Drama
671,1.818673985524422,12733,143,2018,287.4161900397272,Horror
672,2.702426352609715,40024,148,2011,452.92991515250975,Drama
673,1.014941169722343,24127,100,2019,247.96011646537946,Sci-Fi
674,5.858798361156568,79276,113,2020,235.4241465039013,Drama
675,2.9885949807075245,9535,153,2009,485.83700067399855,Drama
676,3.258435656180818,10833,108,2008,414.4103759127288,Sci-Fi
677,6.883532015265419,43538,175,2014,81.16869300264814,Action
678,8.037344292846292,93969,95,2000,90.64590180459378,Drama
679,4.631037336188508,87477,120,2000,390.9511376473921,Action
680,2.9568706751906193,71122,133,2014,404.3081996156063,Comedy
681,9.653132224445363,20204,144,2025,399.70495323836553,Action
682,9.85239519678982,31487,160,2008,46.38208579474105,Sci-Fi
683,9.204840365596285,1211,100,2021,461.46355417158804,Comedy
684,8.216838885022149,12769,136,2004,342.5112269005024,Sci-Fi
685,1.7865536035359266,22019,157,2018,359.0406445490189,Comedy
686,5.91450737137777,17006,107,2017,151.41123157617724,Comedy
687,4.4599844930615,73322,149,2015,35.4519362808824,Horror
688,8.082150814478812,66761,177,2016,257.66497135073683,Action
689,5.578686237631789,27678,165,2019,112.84407141057345,Sci-Fi
690,6.0128732505214755,40715,86,2025,19.86343281689119,Horror
691,7.097145897484524,41629,130,2022,104.38962197263885,Drama
692,6.788089512205975,46747,170,2003,79.31138745002619,Sci-Fi
693,6.749715682606589,94532,138,2018,333.2029287625117,Sci-Fi
694,1.0551695525805442,73142,168,2021,313.9273958799258,Horror
695,3.7734311661274393,37793,88,2015,28.209310587912018,Action
696,1.8862886693318193,26495,98,2001,449.0278629210779,Comedy
697,7.117872439593348,26673,81,2009,125.34285404815232,Horror
698,3.0892007657596343,17021,141,2011,406.814617590697,Action
699,3.7277075443629233,36279,131,2011,124.5334917656738,Sci-Fi
700,5.553868089071558,21264,145,2025,451.222578724678,Drama
701,9.066669317299683,4375,147,2012,480.6430426769719,Action
702,6.317560406393149,42434,107,2023,97.36556025148273,Drama
703,1.785604179327236,17068,129,2020,486.67991872424057,Sci-Fi
704,4.76593324569706,85510,176,2013,330.4591788127568,Horror
705,6.139195596553664,81261,120,2016,86.04241432382322,Sci-Fi
706,5.657343797393046,94977,89,2013,470.35619593175295,Horror
707,2.679385473884993,70948,95,2000,364.14932754359506,Comedy
708,9.644608187750574,12107,156,2003,95.56977475112653,Action
709,1.7479941334199984,50969,170,2005,397.3209075208045,Comedy
710,9.98536935757507,42880,137,2023,207.29647475995537,Comedy
711,5.145983297685453,98114,138,2015,344.8143316907655,Comedy
712,4.193612516400339,67136,153,2017,66.91540919555152,Sci-Fi
713,1.7877354190978332,84819,102,2014,207.56222432646706,Action
714,4.847137827873555,52167,177,2009,411.4040507015791,Action
715,8.073821008507522,64781,176,2010,340.0805989558232,Action
716,3.2142241845752486,53768,120,2004,149.42935653755384,Action
717,4.952342799201318,64875,130,2000,188.23809663230588,Comedy
718,2.517156094758355,41871,103,2006,162.37638069521483,Drama
719,5.401580904675049,24263,125,2003,170.91697212189916,Sci-Fi
720,3.352738494443617,3362,87,2016,276.987435458619,Drama
721,6.7272910908559105,95594,151,2019,464.0925764799772,Action
722,1.9948912130088114,59682,85,2007,469.3110913100607,Comedy
723,2.601794232679481,72422,158,2001,101.28681645327922,Horror
724,1.8232292727913193,19709,100,2017,84.170999276869,Drama
725,5.747103350146418,2501,169,2002,319.52383353808233,Sci-Fi
726,7.037018465906495,97921,158,2012,29.311085915374008,Action
727,9.928146996623944,54137,167,2016,414.73403022314073,Action
728,9.13118165358935,15706,102,2009,327.0828618995876,Action
729,7.48942718646909,80041,144,2009,373.2912211777875,Sci-Fi
730,1.7614970758364594,91682,166,2017,237.36787960586867,Drama
731,1.6803349439657593,90075,140,2010,472.0956822621595,Comedy
732,8.254872538496237,26445,129,2018,294.3073839194457,Drama
733,2.030286900694326,59930,178,2011,7.916700100408417,Horror
734,2.399000139368603,84384,100,2007,99.22874090904563,Action
735,8.233447370193048,97692,123,2024,165.02616989698078,Drama
736,2.3596807856947617,37181,94,2005,480.93811816232665,Action
737,5.206906838137192,84487,105,2005,118.13704658106931,Comedy
738,7.144323774296664,30548,106,2008,374.0696528897804,Comedy
739,7.649138491434681,71044,133,2009,323.68647875638123,Sci-Fi
740,6.209932106301494,8833,119,2016,10.081142071659597,Sci-Fi
741,6.238478057880012,18207,152,2000,323.2455680878108,Drama
742,4.8727649750447855,1175,99,2005,29.68344490969438,Horror
743,9.44881867317109,53320,139,2011,320.57622154993805,Comedy
744,7.697919196922509,30842,173,2013,490.9203491492062,Horror
745,2.0633889259973683,8080,102,2002,9.27719658932077,Horror
746,8.822254848913055,81051,114,2004,283.1186919022422,Sci-Fi
747,7.144159128829347,64585,86,2007,218.7451457959848,Action
748,8.774145174358956,36521,95,2009,446.45950619866863,Sci-Fi
749,1.1574302651010633,45327,139,2000,467.85458786177816,Comedy
750,3.6456593384700553,97999,153,2023,56.781252108779825,Drama
751,3.6241450726857645,2410,142,2022,135.36270453141177,Horror
752,5.554140207532743,73479,178,2010,416.09808224291316,Action
753,4.981639208088021,88366,136,2002,270.6318445563448,Horror
754,5.080270958900821,28794,118,2019,217.47837294296667,Horror
755,6.356673794358589,44297,133,2002,68.3329271587016,Action
756,3.0926474838645333,69709,128,2023,239.290527063201,Horror
757,1.7757016755714283,79722,81,2016,125.35051337344234,Action
758,7.803326957104635,26077,125,2001,402.32749599076107,Horror
759,6.3588887664599385,99083,176,2003,378.7094743267955,Comedy
760,4.287929494139435,37897,138,2021,351.73527509350293,Comedy
761,7.465304866838464,26346,113,2016,332.03469200903737,Horror
762,4.433067600875873,95947,91,2025,266.08895357088886,Comedy
763,1.1279507525462922,89973,172,2022,425.051775031492,Drama
764,5.681075028211922,64108,155,2004,474.48234753563185,Action
765,1.2178702219083912,42188,174,2013,234.52686510993712,Horror
766,1.6137553603339279,83972,148,2024,33.56555742013532,Action
767,5.57378679351252,96171,137,2012,38.82748045989541,Sci-Fi
768,6.088164871831432,18329,109,2005,84.65519955620712,Comedy
769,5.47087503631521,22660,123,2003,336.15181264061675,Sci-Fi
770,8.264125217970864,10079,131,2000,33.84225067588297,Horror
771,6.818651423489973,69570,113,2002,370.9742290966561,Action
772,7.873280180195266,41799,83,2025,86.3815940078552,Drama
773,7.883154537969366,57203,176,2012,394.4173882353758,Action
774,4.904555224523413,19363,103,2001,217.051137177062,Horror
775,1.4533392947266566,47731,154,2004,189.17267035879993,Drama
776,3.165132751421849,4806,177,2007,453.69303657773827,Action
777,6.956580664437972,56048,156,2017,3.2295374468484486,Action
778,6.496818054167176,59642,175,2005,479.9595899573973,Comedy
779,5.360889344154968,51438,88,2003,163.54766964904547,Comedy
780,9.011265469509278,83260,92,2011,325.5482590660671,Horror
781,6.059804915881429,5805,174,2025,175.5959259915701,Drama
782,4.6446490005815,70405,88,2002,59.362586757901596,Action
783,1.242353237180204,31737,160,2010,123.41485388416018,Comedy
784,2.6438744850397615,2654,137,2021,225.4091668631112,Horror
785,1.417937909958709,88806,96,2007,70.1148041578853,Comedy
786,5.98259472329756,85209,111,2001,331.63156619878316,Action
787,1.2339415525673014,43591,152,2002,206.55959400419937,Comedy
788,5.580535074642542,45119,102,2010,176.93489310147848,Action
789,1.9089979579807141,60846,172,2004,159.96928299562867,Horror
790,9.040654825671476,1654,88,2006,92.66099619372177,Comedy
791,6.390623614041738,59649,132,2023,470.8004346183323,Action
792,4.637099219017502,3756,82,2005,296.37016699255156,Sci-Fi
793,7.833429913115652,10542,177,2012,482.90481274788766,Action
794,1.6909057093461837,79594,178,2015,309.7335954499782,Drama
795,1.1550642955219288,44081,137,2009,305.7673303244956,Action
796,7.090113408794054,55245,129,2024,67.12281227568508,Horror
797,3.8401727422835816,80631,157,2012,353.4472097210028,Horror
798,2.2219253995548147,71093,164,2021,10.856657003857064,Action
799,9.465275506561692,49315,124,2019,332.13045856835714,Comedy
800,3.1267587797117664,19731,103,2008,361.84448610592995,Sci-Fi
801,4.317696722152565,7291,88,2011,33.90468940914946,Action
802,1.2102703756141135,26630,178,2003,140.79345139304277,Horror
803,3.4632643793143645,87977,139,2010,34.274985243132555,Horror
804,9.23490091290066,70128,89,2002,232.0020492150042,Horror
805,6.7903948466894235,35610,99,2020,499.68251143277536,Action
806,3.496404596910215,38984,139,2011,323.0053896277491,Sci-Fi
807,3.1087044406623145,80643,89,2000,463.70704132917456,Action
808,7.0491251751606585,23281,134,2019,311.7554361013185,Comedy
809,9.963951566514043,68074,94,2019,377.71534143155566,Drama
810,6.737527134546573,92177,102,2006,8.067268024485994,Action
811,2.8113518025100372,76982,80,2020,429.77121113772444,Comedy
812,8.431991505923618,56127,131,2008,146.4636279720505,Horror
813,4.193261914670522,17161,127,2019,116.48591477858069,Comedy
814,5.765948250673254,1945,103,2005,69.3378800964792,Drama
815,8.23898920068139,90909,86,2007,400.90544536871687,Horror
816,7.939493677348019,40594,165,2009,49.87954546294049,Action
817,2.4048223672163345,91802,140,2006,470.9683795549113,Sci-Fi
818,3.0033571966616206,64087,165,2010,361.272464354151,Action
819,1.7200367131986538,85411,91,2017,157.90220950457294,Sci-Fi
820,7.234738270846011,71604,120,2005,294.2856357422962,Drama
821,8.49412612766324,22979,178,2017,212.43175746989624,Comedy
822,5.994076272374612,68188,172,2025,239.07357335983568,Comedy
823,2.1783756044566536,43954,94,2001,418.8506840005792,Sci-Fi
824,2.166887697435151,20464,98,2003,103.01946195984723,Comedy
825,6.242009021455568,12402,89,2021,65.47112666397592,Action
826,6.732481565800083,3290,164,2016,290.4540876797388,Horror
827,4.942800401560652,91022,163,2003,185.23375027524756,Comedy
828,6.429382885157015,56744,163,2007,324.24613930020377,Horror
829,8.728646597294022,97987,103,2008,153.0685655828223,Sci-Fi
830,2.862250259488981,93154,86,2007,54.86972809833413,Horror
831,6.34387341296625,52150,150,2012,3.520172428404937,Sci-Fi
832,1.754006283573474,51782,110,2016,246.05206149116066,Horror
833,9.644229478921977,89226,83,2018,438.4012885959898,Sci-Fi
834,8.671244586653735,54291,92,2021,100.90374966079696,Horror
835,2.6587862849877117,70480,96,2007,158.45098008101803,Sci-Fi
836,7.122118855933655,27441,162,2006,284.3212003525102,Sci-Fi
837,1.1744873021716904,18370,171,2017,388.13573235254637,Action
838,8.351271882985108,81985,180,2012,4.018603279837599,Drama
839,5.4717444860579505,66733,123,2003,270.83262038108165,Horror
840,9.918174468706324,81743,116,2011,356.81448157994834,Action
841,8.703199260197731,43842,156,2012,56.099086923366464,Action
842,3.2419343717035063,1085,109,2013,283.61553787311306,Sci-Fi
843,3.6497545553705795,2925,157,2003,279.2956445866178,Comedy
844,4.509017213170353,31995,137,2023,16.19711290446893,Drama
845,9.212077842264613,61599,114,2011,135.05173184100576,Comedy
846,2.7206302130668623,33592,143,2001,161.20782925040515,Action
847,8.692893415014058,78973,107,2011,303.5254599415024,Action
848,6.223471811776069,38911,150,2014,260.69569634671456,Action
849,7.563756174043039,75342,169,2008,232.82382452918105,Horror
850,9.11056774800538,36762,151,2022,196.1072230026707,Drama
851,2.277532541265642,69328,83,2011,445.7040737558999,Action
852,4.299163412817887,98101,110,2011,498.22175296637954,Comedy
853,9.060350082854935,31021,140,2011,470.6401076893078,Sci-Fi
854,2.1400367512409137,25103,175,2018,363.581768345019,Sci-Fi
855,4.309099612869829,36642,164,2009,135.30021776518583,Horror
856,1.5681745902900992,45832,110,2000,241.70638238776544,Comedy
857,6.3664047975861715,56372,159,2022,241.98232883489106,Drama
858,6.327412295206243,53810,99,2000,213.14076468465544,Sci-Fi
859,3.3950638267051247,29069,166,2000,239.7424264149633,Sci-Fi
860,5.623792299068637,87466,138,2016,108.44660873330515,Horror
861,1.2432716104623545,78417,97,2001,270.54894211650367,Action
862,8.59593693407747,54386,162,2014,4.899548964515957,Drama
863,9.54015933726284,94280,178,2012,40.810583123263854,Horror
864,4.730850917239911,96535,159,2012,119.51358949082889,Sci-Fi
865,9.02189008747076,18913,142,2002,369.6765251118008,Action
866,5.955273058544297,30418,178,2015,213.5529671774548,Drama
867,9.843149875349923,60774,97,2000,379.625764997936,Horror
868,5.188037769058372,87184,99,2003,377.5418364989155,Drama
869,2.311050703320449,70416,133,2016,268.57087960946296,Horror
870,7.602648966349449,16428,119,2011,8.269917234970928,Drama
871,3.0074135244377933,82326,142,2015,267.57696995093033,Drama
872,7.6441261226629535,27488,121,2011,128.34890573833633,Sci-Fi
873,1.2331563463948592,51620,156,2003,452.0640940223359,Action
874,1.8525285495460575,74870,164,2015,265.43640276583835,Horror
875,8.366383824423654,15013,135,2012,181.81484112656733,Action
876,9.083510507846121,83915,143,2025,294.5244357413681,Drama
877,2.527454604939697,5464,151,2001,4.236229653108843,Drama
878,3.1909129390131326,93967,84,2015,453.71519732595357,Sci-Fi
879,9.509860869811757,4225,170,2022,149.09268792484235,Comedy
880,5.07559875744487,14236,166,2020,164.15030103866076,Horror
881,8.716646121163864,22888,114,2015,257.8048687315374,Horror
882,7.175003123721248,48934,106,2022,379.26953507924134,Comedy
883,2.883132458615282,44764,108,2001,338.12467600261493,Comedy
884,2.22160149293271,14701,157,2009,222.98456445255403,Comedy
885,6.405073635242588,92131,136,2003,292.6357132931454,Sci-Fi
886,9.004817268862052,91032,161,2004,169.72300838290892,Sci-Fi
887,3.4133013554365057,2152,170,2020,327.1409789317273,Horror
888,2.157903763336661,64533,177,2008,276.93484728712417,Comedy
889,1.1802338556877539,81276,123,2020,469.32905796137373,Action
890,1.3476199009114678,33049,82,2019,28.560429532804086,Horror
891,5.55949670363794,57951,160,2018,149.833020403919,Action
892,5.641991373274724,32894,167,2011,337.226342933495,Horror
893,1.7608608269176478,50909,116,2005,298.60208486947573,Horror
894,3.867005403539793,83376,82,2008,480.08122212538785,Action
895,2.741841934489252,82117,167,2002,498.91978370168135,Horror
896,3.192585390735041,73721,178,2014,235.73457851808533,Drama
897,4.212665562020602,86179,165,2000,13.440796470492957,Comedy
898,4.340618886382256,65213,171,2006,226.5091414194704,Comedy
899,2.650850978358427,5209,105,2023,280.3373974185717,Comedy
900,1.7792772427720482,6123,172,2015,76.36838684189706,Horror
901,9.135204987815943,58728,86,2012,283.54449321873744,Horror
902,3.3808433157608166,24483,101,2019,82.65461407228592,Drama
903,1.9442617634884072,81926,135,2005,421.7476590259678,Sci-Fi
904,6.299940923692232,2322,147,2017,180.0793097730277,Action
905,1.5332816866977919,22375,95,2009,373.34378729416727,Action
906,4.387964598636059,56166,166,2007,197.0361491197877,Sci-Fi
907,3.6715169512771846,44489,134,2018,242.35963986747967,Sci-Fi
908,4.439308889787036,88574,99,2002,52.234624039066944,Sci-Fi
909,3.206631264464112,29367,171,2015,362.05736262205005,Comedy
910,9.020554079241165,85023,92,2018,219.62668807444086,Drama
911,7.597889246770128,4350,177,2015,479.51992756116016,Horror
912,7.784320430825632,40795,118,2019,171.16032426508443,Drama
913,2.8211434705817204,61811,138,2023,482.48957028311344,Horror
914,3.883203246792078,35491,137,2013,470.6609050289645,Comedy
915,8.724943746806407,18791,156,2024,397.3059684357653,Drama
916,9.441095946341278,12241,176,2024,87.08872626665176,Horror
917,9.563863367144297,96958,106,2013,157.11030830516665,Comedy
918,2.3245619943995828,40586,93,2024,437.60694694124805,Drama
919,7.5032956254421315,53999,107,2022,211.99209071985925,Drama
920,6.593663248017267,95905,116,2024,446.71146928421496,Horror
921,6.427938845297334,84191,80,2000,96.0490486789596,Horror
922,8.416653814837183,89513,139,2014,395.33105351963974,Sci-Fi
923,3.5422706530121815,86445,110,2015,398.8194633953351,Comedy
924,8.076065044407338,38938,167,2000,38.7973244295673,Drama
925,8.597533802558111,92541,92,2023,21.126657074238853,Comedy
926,6.392804745462234,99087,114,2006,284.6724191788971,Drama
927,3.2286390266388882,26566,147,2025,311.00576015262504,Comedy
928,6.2687101442694555,4593,133,2006,352.4780622757155,Sci-Fi
929,2.637308061633358,61077,150,2024,354.93254277734206,Drama
930,8.359807907701942,69428,81,2000,443.811925747779,Horror
931,5.2700131648874375,48159,120,2019,301.1466972785481,Horror
932,5.0903417517529626,55874,130,2023,80.2676972748977,Sci-Fi
933,6.9713217434255474,84340,141,2009,102.58893958439684,Comedy
934,1.0681068487974827,53410,98,2000,361.7636968747304,Action
935,8.938783602155683,64847,104,2002,184.64851118272625,Sci-Fi
936,7.4692062454916766,23064,131,2000,184.33039128636176,Drama
937,6.121427418349397,92703,112,2021,118.98161619709617,Sci-Fi
938,1.8593169404541494,45274,147,2008,394.4876595809978,Action
939,6.9920924151213235,46882,153,2023,272.5244693691999,Horror
940,2.130066687468876,61163,116,2019,101.5574127545409,Action
941,6.687550413316229,41364,121,2002,120.67829913110766,Horror
942,4.345882498333735,97091,156,2013,79.24821853778428,Sci-Fi
943,8.255254086824642,9914,176,2023,28.994404137609326,Action
944,1.1393443622252937,26463,175,2018,264.8257013466459,Horror
945,2.0514810919099156,23226,85,2014,369.5200741383568,Sci-Fi
946,6.6888628557568826,56771,168,2022,405.11707502069305,Horror
947,4.059874085483219,85728,176,2019,40.30865451821416,Sci-Fi
948,7.348396418200431,33766,158,2025,53.45743661285867,Sci-Fi
949,8.946993544884165,74777,119,2010,273.21379054800593,Sci-Fi
950,5.09124358610403,74106,122,2020,396.9807540466003,Drama
951,7.8201784582901706,43204,164,2013,495.2933050705729,Action
952,2.2391078228706522,14941,151,2000,213.77275293083596,Comedy
953,4.193265401364006,92588,170,2001,232.49410121654245,Sci-Fi
954,6.710326377874067,40191,137,2020,133.06585483089432,Comedy
955,6.512731358461391,20594,178,2023,106.78863589762557,Sci-Fi
956,8.783284315052345,19852,97,2007,495.77519961815926,Sci-Fi
957,3.8023460295739855,69194,123,2007,287.9511345462628,Sci-Fi
958,1.381154392578462,74585,119,2015,83.46336430867912,Comedy
959,9.888863320249117,822,113,2024,484.93904855254107,Action
960,1.5604012702107188,52459,127,2000,92.35375709687054,Action
961,8.738241831492694,4618,138,2016,447.99278778076314,Sci-Fi
962,4.779659113496692,92837,123,2007,344.99741540196993,Action
963,9.41788270437707,29251,139,2010,450.3945643133373,Action
964,7.358760445419037,66769,142,2001,313.5687471642035,Horror
965,3.7036630132603396,26025,146,2000,10.941264696791652,Sci-Fi
966,9.409470866138356,22447,82,2013,401.31266580424614,Comedy
967,9.203922930361209,44094,134,2000,293.1746934065728,Drama
968,6.045472654741784,82673,123,2022,225.1484535274106,Action
969,4.249156171516905,70855,102,2024,486.2696757943495,Horror
970,6.866329471564696,83003,180,2004,297.95016133798583,Sci-Fi
971,4.993867570295132,32952,132,2004,180.08890852840236,Drama
972,4.820323538549729,99936,122,2008,121.31411094923354,Sci-Fi
973,5.426672578035627,9551,125,2012,244.77722050916137,Comedy
974,6.015088619782526,67474,176,2017,455.1250869120766,Comedy
975,4.235967574089241,23410,144,2002,84.1440091042765,Horror
976,7.5517401920846545,64344,141,2018,66.44333154356501,Horror
977,1.2033623033307106,8624,158,2012,17.308345411705126,Comedy
978,9.92738003520419,23235,175,2015,460.7358975809728,Sci-Fi
979,7.162626717957234,22343,121,2012,487.1028747703648,Horror
980,5.745285065073067,67431,113,2000,285.4904044188161,Action
981,1.956961517218579,93419,151,2012,240.82181399043992,Sci-Fi
982,6.905514721675807,85155,178,2012,61.73593525893582,Horror
983,3.16368374177694,23207,85,2017,115.96445730710595,Comedy
984,3.3116680057683148,32539,144,2014,276.9000953712405,Comedy
985,3.327265857543465,36786,156,2000,268.77334955374783,Comedy
986,9.948419098109575,50646,158,2017,440.9509085590742,Action
987,3.4634209895211185,23901,102,2016,83.48927248877673,Drama
988,9.00959371449542,39640,142,2000,190.60824131453487,Drama
989,3.5538331279521445,2095,95,2023,189.17086853141046,Horror
990,3.018127518642574,58840,108,2005,307.5297512548034,Comedy
991,6.382649630612619,93745,95,2022,121.1442524076069,Comedy
992,1.6915434935160394,8279,123,2002,306.263459258397,Action
993,5.105203027914673,69113,139,2011,221.35956304541506,Drama
994,5.943646594230705,57188,119,2025,411.28002354578354,Horror
995,4.332311924110765,93606,141,2006,155.54427777319182,Drama
996,7.168958988329794,42251,177,2010,166.46842557840623,Sci-Fi
997,9.381274731411908,45004,167,2019,423.26724485663505,Sci-Fi
998,7.1648443303501805,44459,107,2008,298.06045103528,Action
999,8.277432053837375,84936,85,2018,272.1437191967573,Action
1000,1.0542799154557572,54257,129,2007,363.3588428445131,Sci-Fi
